aı'aı,eng,fagri,uakci
aımu,eng,official,Hoemai
aka,eng,Ilmen,robintown
anıguaq,eng,official,seaqtaq
aobımoı,eng,robintown,Laqme
aoshao,eng,Laqme,uakci
aqkuaq,eng,uakci,el
aqshe,eng,official,seaqtaq
atompoaq,eng,Ilmen,jiqci
bala,eng,Machy,uakci
baobao,eng,Laqme,saqraku
báq,eng,official,robintown
baqlı,eng,Ilmen,Ilmen
batata,eng,official,Machy
be,tok,uakci,nano
bea,eng,official,jiqci
bebere,eng,Ilmen,salarua
befe,eng,Ilmen,Laqme
bege,eng,official,uakci
beıjaq,eng,Ilmen,Ilmen
Belejı,eng,countries,Laqme
Belejıgua,eng,countries,Laqme
beo,tok,el,nano
beodama,eng,fagri,jiqci
beotue,eng,uakci,jiqci
bıa,eng,official,lassc
bıa,tok,el,uakci
bıa,tok,el,nano
bıa,eng,official,robintown
bıaq,eng,official,fagri
bıaq,eng,official,uakci
bıene,eng,Ilmen,Ilmen
bıq,eng,official,robintown
boaq,eng,official,Laqme
boı,tok,uakci,nano
boju,eng,official,uakci
bojuq,eng,jiqci,Laqme
boq,eng,official,el
boq,eng,official,Isi
boqkıubu,eng,official,Ilmen
bore,eng,official,akesi
bosho,eng,seaqtaq,Ilmen
boteq,eng,salarua,uakci
bu,jbo,Laqme,el
bua,eng,official,uakci
buabeo,eng,Ilmen,seaqtaq
buafa,eng,Laqme,Laqme
buaq,tok,el,nano
bue,eng,official,Laqme
buechoaq,eng,uakci,Laqme
bueguaq,eng,Ilmen,robintown
buetı,eng,official,uakci
buetı,eng,official,jiqci
buı,eng,official,uakci
buıhoq,eng,Ilmen,kazoo
buıtua,eng,seaqtaq,evie
buq-,eng,official,el
buqjıaı,eng,Ilmen,fagri
buqjıaı,eng,Ilmen,uakci
buqkuoq,eng,Ilmen,jiqci
buruo,eng,Ilmen,uakci
buruo,eng,Ilmen,robintown
ca,tok,el,nano
caıcoeq,qtq,robintown,robintown
cale,eng,Ilmen,seaqtaq
camıa,eng,Laqme,uakci
capaq,eng,Ilmen,uakci
caq,tok,el,nano
caqcıa,eng,seaqtaq,seaqtaq
caqche,eng,official,Ilmen
caqchuo,eng,official,Laqme
cashe,eng,Ilmen,Ilmen
cea,eng,official,akesi
cecoe,eng,jiqci,uakci
ceme,eng,Laqme,Ilmen
ceoqchuoı,eng,fagri,robintown
ceoqnhoq,eng,robintown,lassc
cı,eng,official,robintown
cıa,eng,official,Laqme
cıao,eng,Laqme,Ilmen
cıaodua,eng,Ilmen,Ilmen
cıejuku,eng,Ilmen,el
cıjıeq,eng,Ilmen,Machy
co,eng,uakci,Laqme
co,eng,uakci,robintown
có,eng,uakci,robintown
coeq,qtq,robintown,robintown
cua,eng,official,robintown
cuaı,eng,official,el
cuaılaq,eng,seaqtaq,seaqtaq
cuakuq,eng,official,fagri
cuaq,eng,official,Machy
cuaq,tok,el,nano
cuase,eng,uakci,robintown
cue,tok,el,nano
cuefuaı,tok,el,nano
cuefuaı,eng,official,Laqme
cuesoı,eng,Machy,nabbyspi
cuetaq,eng,fagri,Ilmen
cuıchaq,eng,seaqtaq,robintown
cuıkıa,eng,Ilmen,Machy
cuoı,eng,official,el
cha,tok,el,nano
chacha,eng,official,Machy
chaq,rus,SuperSpaceNiM,SuperSpaceNiM
chaqtu,tok,el,uakci
charıoq,eng,uakci,TheAndSys
chealaı,eng,Machy,el
cheo,qtq,Ilmen,robintown
cheo,qtq,Ilmen,robintown
chıa,eng,official,robintown
chıa,tok,el,nano
chıaı,tok,uakci,uakci
chıaı,tok,uakci,nano
chıaısı,eng,robintown,uakci
chıaısı,eng,robintown,robintown
chıaısıcıa,eng,robintown,robintown
chıaıtaosı,eng,Laqme,uakci
chıaq,tok,el,nano
chıaq,eng,official,Laqme
chıaqduı,eng,seaqtaq,uakci
chıaqduı,eng,seaqtaq,seaqtaq
chıchıaı,eng,Machy,Ilmen
chıchıaı,eng,Machy,Laqme
chıchuaq,eng,Laqme,uakci
chıe,eng,official,Ilmen
chıe,tok,el,nano
chıeche,eng,TheAndSys,Laqme
chıeguo,eng,uakci,Machy
chıeq,eng,official,uakci
chıeqgaıno,eng,el,uakci
chıetua,tok,uakci,nano
chıetua,eng,official,takoda
chıo,eng,official,Laqme
chıo,eng,official,robintown
chıo,eng,official,uakci
chısıa,eng,uakci,Ilmen
choadeoq,eng,official,Ilmen
choadeoq,eng,official,Laqme
choahua,eng,fagri,Ilmen
choalaq,tok,el,nano
choaq,eng,official,Laqme
choaqhıo,eng,Ilmen,Machy
choıdea,eng,Ilmen,seaqtaq
choleı,eng,Laqme,uakci
chonıeq,eng,Laqme,Laqme
choq,eng,official,robintown
choqchua,eng,seaqtaq,mimiaoganhaqpy
choqgı,tok,el,uakci
choqtıao,eng,official,seaqtaq
chu,tok,el,nano
chuachoq,eng,uakci,Ilmen
chuaıruq,eng,official,lassc
chuao,eng,official,Ilmen
chuaq,eng,official,Laqme
chuaqbeo,eng,uakci,TheAndSys
chuo,tok,el,nano
chuo,eng,official,Laqme
chuqguao,tok,el,ijonetun
chuqguao,tok,el,nano
chuqtıao,tok,el,nano
churıe,eng,ijonetun,uakci
daıchı,eng,official,Laqme
daısoq,eng,uakci,Laqme
daocoe,eng,Ilmen,TheAndSys
daojoaı,eng,fagri,seaqtaq
daqchoq,eng,Ilmen,Laqme
daqjaone,eng,Ilmen,Ilmen
daqko,eng,fagri,fagri
daqlıa,eng,uakci,jiqci
daqmıq,tok,el,nano
daqshıkogıq,eng,Ilmen,Ilmen
daqtuao,eng,fagri,seaqtaq
deaı,eng,official,Laqme
dekuı,eng,Machy,Machy
deoq,eng,official,robintown
deoq,eng,official,el
deoq,eng,official,Ilmen
deoq,eng,official,Ilmen
deqcaı,eng,seaqtaq,uakci
deqchıe,eng,Ilmen,Ilmen
dere,eng,robintown,seaqtaq
dı,eng,official,robintown
dıa,eng,official,evie
dıaı,eng,official,robintown
dıao,eng,official,Machy
dıaq,eng,official,Ilmen
dıaq,eng,official,evie
dıgıq,eng,evie,Ilmen
dıu,eng,official,Laqme
dıuche,eng,Ilmen,robintown
do,eng,official,Isi
dóa,eng,Laqme,uakci
doecıa,eng,Laqme,seaqtaq
doetıao,eng,Ilmen,uakci
Doıche,eng,Laqme,Laqme
doıjaq,eng,Ilmen,Ilmen
doıtıao,eng,uakci,uakci
dokata,eng,Laqme,seaqtaq
dola,eng,Ilmen,Laqme
duafuı,eng,official,fagri
duafuı,eng,official,Laqme
duagı,eng,official,uakci
duahuı,eng,official,uakci
duaı,eng,official,robintown
duakuaı,eng,mimiaoganhaqpy,seaqtaq
duanoa,eng,uakci,Laqme
duaosaı,eng,seaqtaq,uakci
ducha,eng,seaqtaq,Ilmen
duechı,eng,Laqme,Laqme
duehea,eng,nozz,robintown
duı,eng,official,Laqme
duı,eng,official,robintown
duı,eng,official,evie
duıbokuaı,eng,seaqtaq,fagri
dujıq,eng,lassc,TheAndSys
duo,eng,official,Ilmen
duq,eng,official,Laqme
e-,eng,fagri,kazoo
eju,eng,official,Laqme
eka,eng,Laqme,Laqme
ele,eng,official,Machy
em-,eng,uakci,lassc
eq,eng,robintown,uakci
esa,eng,official,Laqme
esagı,tok,el,mimiaoganhaqpy
facaq,eng,fagri,seaqtaq
faı,eng,official,robintown
faı,eng,official,robintown
faıhuaq,eng,uakci,seaqtaq
faıkuoı,eng,uakci,seaqtaq
fakıq,eng,Laqme,seaqtaq
fakıu,eng,uakci,Machy
fao,eng,official,kazoo
faqgıq,eng,fagri,uakci
faseo,eng,Hoemai,Snow
fatao,eng,fagri,uakci
fe,eng,official,robintown
fea,eng,official,Machy
fea,eng,official,robintown
feıluaq,eng,official,uakci
fejıeq,eng,Ilmen,Machy
fejue,eng,fagri,Xeizzen
feochıu,eng,Ilmen,Ilmen
feotı,eng,Ilmen,evie
feq,eng,Laqme,robintown
fıa,eng,official,Laqme
fo,eng,official,Laqme
foa,eng,official,uakci
foa,eng,official,robintown
foaı,eng,uakci,lassc
foao,eng,Ilmen,uakci
foaq,eng,official,Laqme
foıge,eng,official,uakci
fu,eng,official,Laqme
fuaq,eng,official,Machy
fuaqkaı,eng,official,TheAndSys
fuaqtao,eng,seaqtaq,Snow
fuaqtuaı,eng,Ilmen,Ilmen
fue,eng,official,robintown
fufu,eng,seaqtaq,Ilmen
fuı,eng,official,nano
fuı,eng,official,fagri
fuqrıaı,eng,salarua,robintown
fuqtıo,eng,Ilmen,Ilmen
gaı,eng,official,Laqme
gaıkea,eng,seaqtaq,evie
galeche,eng,Machy,Laqme
gaq,eng,official,robintown
gaqcıa,eng,seaqtaq,uakci
gaqguru,eng,official,Hoemai
gaqme,eng,official,Ilmen
gaqme,eng,official,uakci
ge,eng,official,uakci
geajıo,eng,Ilmen,Ilmen
gegaı,eng,Ilmen,Ilmen
geınua,eng,uakci,jiqci
gemoaq,eng,seaqtaq,uakci
geqsoa,eng,evie,saqraku
gı,jbo,el,Laqme
gıaqshuaq,eng,akesi,robintown
gıaqshuaq,eng,akesi,uakci
gıaqteı,eng,uakci,Laqme
gıne,eng,Machy,lassc
gıq,eng,official,uakci
gö,eng,official,Laqme
gö,eng,official,robintown
goaınua,eng,Ilmen,Ilmen
goaınua,eng,Ilmen,Ilmen
goaınua,eng,Ilmen,uakci
goeqboe,eng,Laqme,jiqci
goho,eng,Ilmen,Ilmen
goı,eng,official,Laqme
goıjuq,eng,seaqtaq,uakci
goısaı,eng,Ilmen,Laqme
gom,eng,Laqme,robintown
goso,eng,official,Hoemai
gu,eng,official,robintown
Guacızu,eng,evie,tonibrown
guaı,eng,official,Ilmen
guaı,eng,official,Laqme
guaıduıbıa,eng,Ilmen,uakci
guaıleo,eng,el,uakci
guaqdıu,eng,Ilmen,Laqme
guaqfurı,eng,Laqme,seaqtaq
guaqjeoq,eng,fagri,Ilmen
guaqnao,eng,official,jiqci
guaqteıdıu,eng,Ilmen,Ilmen
gubu,eng,Ilmen,uakci
guchıo,eng,official,robintown
guesheaq,eng,Laqme,fagri
gujeo,eng,Ilmen,jiqci
guobo,eng,Ilmen,uakci
guosa,eng,official,robintown
guosıa,eng,official,robintown
guoteı,eng,Ilmen,robintown
gupaq,eng,official,seaqtaq
haogaq,eng,seaqtaq,fagri
haqbaı,eng,official,robintown
haqdo,eng,official,Laqme
haqfıeq,eng,el,el
haqjuq,eng,uakci,Ilmen
haqpaq,eng,Machy,seaqtaq
haqtoq,eng,Laqme,Machy
he,eng,official,Laqme
he,eng,official,Machy
he,eng,official,robintown
heaqtıao,eng,seaqtaq,seaqtaq
heı,eng,official,robintown
heo,eng,official,Ilmen
heo,eng,official,el
heo,eng,official,salarua
heocheo,eng,Ilmen,Ilmen
hezo,eng,TheAndSys,el
hıa,qtq,uakci,el
hıa,eng,Ilmen,uakci
hıa,eng,Ilmen,uakci
hıaba,eng,Laqme,robintown
hıaocıa,eng,akesi,Laqme
hıaoge,eng,Laqme,seaqtaq
hıaokuaı,eng,Ilmen,Ilmen
hıaorıeq,eng,official,Machy
hıaosı,eng,Laqme,seaqtaq
hıaotue,eng,Laqme,uakci
híba,eng,Laqme,Laqme
hıchu,eng,official,uakci
hıechao,eng,fagri,robintown
hıkuı,eng,Ilmen,el
hılı,eng,Ilmen,xorxes
hıpı,eng,fagri,fagri
hıu'eku,eng,seaqtaq,Ilmen
hoaqrıo,eng,seaqtaq,uakci
hoe,eng,official,robintown
hoemıa,eng,Machy,TheAndSys
hoı,eng,Laqme,robintown
hóı,eng,official,robintown
hoıtoa,eng,Ilmen,seaqtaq
hoqbıe,eng,official,Laqme
horachıu,eng,fagri,Ilmen
hu-,eng,official,Laqme
hu-,eng,official,robintown
hú,eng,official,Laqme
hua,eng,official,uakci
huaı,eng,official,Laqme
huaıchuo,eng,official,robintown
huıjua,eng,uakci,Machy
huılıe,eng,official,uakci
huımajı,eng,robintown,Machy
huıtua,eng,Laqme,robintown
huo,eng,official,Laqme
huodu,eng,uakci,Laqme
huokıubu,eng,official,Ilmen
ıaq,eng,robintown,Laqme
ımebo,eng,official,Ilmen
ıne,eng,TheAndSys,evie
ınha,eng,official,Laqme
ıo,eng,Hoemai,akesi
ıq,eng,official,Hoemai
ıq,jbo,el,Ilmen
ıq'ıq,eng,uakci,Ilmen
ıqdo,eng,official,takoda
ıqjı,eng,Ilmen,uakci
ıqnua,eng,official,uakci
jaga,eng,official,Laqme
jane,eng,Ilmen,Ilmen
jaolaqchıu,eng,Laqme,robintown
jaq,eng,official,robintown
jaqjaq,eng,fagri,uakci
je,eng,official,Laqme
jea,eng,official,uakci
jeachoaq,eng,uakci,Laqme
jeajıo,eng,official,Machy
jeakao,eng,salarua,Laqme
jeaq,eng,official,evie
jearıaq,eng,official,Laqme
jeha,eng,official,Hoemai
jejı,eng,Machy,uakci
jeogı,eng,Ilmen,uakci
jeojeo,eng,Ilmen,fagri
jeoku,eng,Ilmen,Ilmen
jeoq,eng,official,el
jeoru,eng,Ilmen,uakci
jeotoa,eng,Laqme,Laqme
jeq,eng,official,Ilmen
jeq,eng,official,el
jeq,eng,official,takoda
jeq,eng,official,salarua
jeqmaı,eng,fagri,seaqtaq
jıaleo,eng,uakci,uakci
jıamoaq,eng,lassc,Ilmen
jıaohuı,eng,uakci,uakci
jıaqjıe,eng,uakci,Ilmen
jıbı,eng,official,uakci
jıe,eng,official,robintown
jıese,eng,seaqtaq,Laqme
jıjı,eng,Machy,evie
jıkı,eng,fagri,Laqme
jıoq,eng,official,uakci
jıoq,eng,official,fagri
jıoqkea,eng,official,Machy
jıqjeo,eng,fagri,Laqme
jıqjeo,eng,fagri,Machy
jıqjıaq,eng,Hoemai,Ilmen
jıqtue,eng,Laqme,evie
jıroı,qtq,uakci,fagri
jısuq,eng,Ilmen,uakci
jıujoe,eng,fagri,seaqtaq
jo,eng,official,robintown
joegı,eng,Machy,uakci
joemıeq,eng,Ilmen,uakci
joıroı,eng,uakci,el
jü,eng,official,uakci
jü,eng,official,mimiaoganhaqpy
juaocue,eng,uakci,seaqtaq
juaoduaı,eng,robintown,Ilmen
jueqkubo,eng,jiqci,robintown
juıkoı,eng,seaqtaq,TheAndSys
juıkuaı,eng,uakci,lassc
juıme,eng,Ilmen,uakci
juku,eng,Ilmen,Ilmen
julu,eng,seaqtaq,salarua
juna,eng,official,el
junaı,eng,uakci,uakci
juo,eng,official,Ilmen
juo,eng,official,Laqme
juoq,eng,official,robintown
juoqtao,eng,Laqme,uakci
jupu,eng,Laqme,seaqtaq
juq,eng,official,Laqme
juqhuıle,eng,uakci,TheAndSys
kadeoq,eng,Ilmen,Ilmen
kaı,eng,official,evie
kaı,eng,official,Ilmen
kaıkea,eng,official,el
kaıkuq,eng,Machy,Laqme
kao,eng,official,Laqme
kaojuq,eng,Ilmen,uakci
kaq,eng,official,Laqme
kaqdu,eng,uakci,Laqme
kaqgegaı,eng,Ilmen,Ilmen
kaqjı,eng,Hoemai,uakci
kaqshıa,eng,official,uakci
kasha,eng,Ilmen,jiqci
kea,eng,official,robintown
keajuao,eng,seaqtaq,uakci
keakaı,eng,Ilmen,Laqme
keazu,eng,Machy,uakci
kı-,eng,official,Laqme
kıjı,eng,official,otodidak
kılo,eng,fagri,Ilmen
kılo,eng,Hoemai,fagri
kılo,eng,Hoemai,xorxes
kıoqchıu,eng,Ilmen,Ilmen
kıoqchıu,eng,Ilmen,Ilmen
kıqgaı,eng,seaqtaq,Ilmen
kıqkea,eng,Ilmen,Laqme
kızıa,eng,Machy,robintown
ko,eng,official,uakci
ko,eng,official,xorxes
ko,eng,official,uakci
ko,eng,official,el
koakea,eng,official,uakci
koamchıo,eng,Laqme,robintown
koe,eng,official,el
koe,eng,official,robintown
koe,eng,official,Ilmen
koejoaı,eng,uakci,el
koemoı,eng,Ilmen,Ilmen
koemoı,eng,Ilmen,uakci
koese,eng,uakci,Laqme
koıcha,eng,Machy,Snow
koıkoı,eng,fagri,robintown
ku'aı,eng,seaqtaq,seaqtaq
kuaomıo,eng,Ilmen,Machy
kudao,eng,official,uakci
kue,eng,official,robintown
kuepaq,eng,official,solpahi
kueq,eng,official,Laqme
kueqtua,eng,official,Laqme
kuı,eng,official,Isi
kuı,eng,official,Laqme
kuımutıao,eng,Ilmen,Ilmen
kuıtao,eng,uakci,uakci
kuq,eng,official,el
kuqkaı,eng,seaqtaq,Ilmen
kuqnu,eng,official,uakci
kusu,eng,official,Hoemai
kushe,eng,official,Machy
labı,eng,official,Hoemai
laheq,eng,Ilmen,Ilmen
laıbaı,eng,Ilmen,uakci
laıjeq,eng,seaqtaq,uakci
laısaı,eng,fagri,uakci
lao,eng,official,robintown
laqrue,eng,official,jiqci
leaqcheo,eng,uakci,Ilmen
leaqfıa,eng,official,Laqme
leaqsıe,eng,official,Laqme
leı,eng,official,Ilmen
leı,eng,official,Ilmen
leı,eng,official,robintown
leo,tok,el,el
lıaı,eng,official,robintown
lıaıhua,eng,Ilmen,Ilmen
lıao'aka,eng,robintown,robintown
lıco,eng,Ilmen,Ilmen
lıq,spa,salarua,TheAndSys
lıq'aı,eng,seaqtaq,salarua
lıqfu,eng,official,Laqme
lıuqme,eng,Laqme,seaqtaq
loaılaq,eng,seaqtaq,seaqtaq
loebeaq,eng,salarua,fagri
loepıo,eng,Ilmen,robintown
lohagupu,eng,Laqme,seaqtaq
loqhaq,eng,uakci,uakci
luakuı,eng,fagri,salarua
luapoq,eng,fagri,fagri
luaqcha,eng,uakci,mimiaoganhaqpy
luaqche,eng,Laqme,Laqme
luaqchuo,eng,Laqme,Ilmen
luaqjuao,eng,Laqme,Ilmen
luaqne,eng,Laqme,uakci
luaqne,eng,Laqme,Machy
luhoı,eng,Ilmen,Ilmen
lulu,eng,uakci,seaqtaq
ma,eng,official,robintown
maheo,eng,Ilmen,seaqtaq
mamıeq,eng,Laqme,Machy
mao'ıq,eng,Ilmen,Ilmen
maomao,eng,uakci,saqraku
maomao,eng,uakci,uakci
marıkı,eng,Ilmen,robintown
mateoq,eng,official,Hoemai
me,eng,official,robintown
me,eng,official,Laqme
meame,eng,Ilmen,uakci
meazua,eng,Laqme,uakci
mebo,eng,Machy,seaqtaq
meme,eng,uakci,fagri
metoa,eng,Laqme,uakci
mı,eng,official,uakci
mıa,eng,official,uakci
mıao,eng,official,robintown
mıaqmıq,eng,fagri,robintown
mıehe,eng,Laqme,TheAndSys
mıeq,eng,official,uakci
mıeq,eng,official,fagri
mıetaodam,eng,seaqtaq,salarua
mımı,eng,fagri,uakci
mıonıoq,eng,seaqtaq,uakci
mıum,eng,uakci,evie
mıumıeq,eng,seaqtaq,uakci
moa,eng,official,Ilmen
moecaı,eng,Laqme,Ilmen
moefoa,eng,uakci,Ilmen
moehıao,eng,Ilmen,mimiaoganhaqpy
moı,eng,official,kazoo
moıkuq,eng,uakci,Ilmen
moılao,eng,official,lassc
moırıeq,eng,TheAndSys,lassc
moıshıluq,eng,Machy,Machy
mojeo,eng,fagri,seaqtaq
molaı,eng,el,salarua
mole,eng,Ilmen,salarua
moqlaı,eng,Laqme,salarua
moraı,eng,Ilmen,Machy
mosıu,eng,seaqtaq,el
muıdeoq,eng,seaqtaq,mimiaoganhaqpy
muıfaq,eng,Ilmen,TheAndSys
muımıu,eng,uakci,uakci
muıtoa,eng,Ilmen,fagri
muo,eng,official,Laqme
muo,eng,official,robintown
muoı,eng,official,Ilmen
muoı,eng,official,Machy
muozıu,eng,el,Ilmen
na-,eng,official,Laqme
na,eng,uakci,TheAndSys
nä,eng,official,uakci
naıhe,eng,Laqme,Laqme
nam,eng,official,Laqme
namru,eng,el,uakci
naojeoq,eng,seaqtaq,Ilmen
naokusu,eng,official,robintown
naopoıba,eng,robintown,TheAndSys
naotı,eng,Ilmen,Ilmen
naq,spa,salarua,TheAndSys
naq'aı,eng,seaqtaq,salarua
naqfu,eng,official,Laqme
natı,eng,Laqme,seaqtaq
ne,eng,official,evie
ne,eng,official,Ilmen
nefaı,eng,uakci,Laqme
nefurı,eng,Ilmen,seaqtaq
neı,eng,official,robintown
nejeq,eng,Ilmen,Ilmen
neq,eng,official,Laqme
neqdo,eng,Ilmen,Ilmen
neqkoe,eng,Laqme,Laqme
neqkuq,eng,lassc,jiqci
neu,eng,Ilmen,el
ní,eng,official,robintown
ní,eng,official,el
nıaı,jbo,el,Laqme
nıaıpoaı,eng,uakci,Ilmen
nıdaqgoa,eng,Ilmen,Ilmen
nıe,eng,official,uakci
nıetua,eng,official,evie
nıq,eng,official,robintown
nıqchıe,eng,official,Hoemai
nıqchıe,eng,official,Laqme
nıqja,eng,Ilmen,robintown
nıupoaı,eng,uakci,Ilmen
noa,eng,official,nano
noa,eng,official,fagri
noı,eng,official,uakci
noq,eng,official,Laqme
noqnoq,eng,el,Laqme
noqrue,eng,seaqtaq,robintown
nose,eng,Laqme,uakci
nua,eng,official,Laqme
nue,eng,official,takoda
nuekao,eng,fagri,Ilmen
nueq,eng,official,uakci
nuese,eng,Laqme,evie
nuetaq,eng,uakci,Laqme
nuja,eng,Ilmen,Ilmen
nukuq,eng,uakci,Machy
nulıloeq,eng,lassc,Ilmen
nunhe,eng,Laqme,robintown
nuochoa,eng,sheireq,uakci
nuofa,eng,official,uakci
nuofa,eng,official,Ilmen
nuokuaı,eng,official,Machy
nuoshıecaq,eng,TheAndSys,robintown
nuq,eng,official,Laqme
nha-,eng,official,Laqme
nha,eng,official,Hoemai
nhaı,eng,uakci,salarua
nhe,eng,official,evie
nhea,eng,Laqme,Laqme
nhó,eng,official,robintown
nhoa,eng,Laqme,uakci
nhoa,eng,Laqme,evie
nhu,eng,official,Laqme
ocha,eng,official,uakci
ochasıu,eng,official,jiqci
oe,eng,official,Laqme
oreo,eng,Machy,Machy
oro,eng,official,Laqme
paıchua,eng,uakci,Laqme
pakurı,eng,saqraku,saqraku
paqcıa,eng,official,Laqme
paqshaı,eng,official,seaqtaq
pe,eng,official,Ilmen
pe,eng,official,Laqme
peı,eng,Ilmen,Laqme
peı,eng,Ilmen,uakci
peo-,eng,Laqme,robintown
peodo,eng,uakci,Laqme
peoq,eng,Machy,uakci
peqjuo,eng,Ilmen,Ilmen
peteı,eng,uakci,Ilmen
pıaq,eng,Laqme,fagri
pıucıu,eng,Laqme,Ilmen
poaı,eng,official,Laqme
poaı,eng,official,el
poasho,eng,xorxes,seaqtaq
pobo,eng,uakci,uakci
poroı,eng,Ilmen,Ilmen
puagı,eng,robintown,Laqme
puaıloe,eng,Ilmen,sheireq
puaokıaq,eng,Ilmen,fagri
puaq,eng,official,Laqme
puaqkıaq,eng,uakci,Ilmen
puebea,eng,official,akesi
puekıoq,eng,Hoemai,Laqme
puı-,eng,uakci,Laqme
puıjeaq,eng,Ilmen,uakci
puımıeq,eng,Ilmen,Laqme
puıseu,eng,Ilmen,Ilmen
puotoaı,eng,seaqtaq,jiqci
puq,eng,official,uakci
puqchıo,eng,Ilmen,uakci
rabu,eng,Ilmen,uakci
ragoq,eng,Ilmen,uakci
raı,eng,official,robintown
raı,jbo,Ilmen,el
raı,qtq,Ilmen,uakci
raıme,eng,Machy,uakci
rameq,eng,uakci,Laqme
rao,eng,official,Laqme
raqdao,eng,uakci,seaqtaq
Rasıa,eng,mimiaoganhaqpy,Laqme
Rasıagua,eng,mimiaoganhaqpy,Laqme
Rasıazu,eng,mimiaoganhaqpy,Laqme
reacıa,eng,jiqci,robintown
reaq,eng,official,Laqme
reaq,eng,official,uakci
reo,eng,official,Laqme
reo,eng,official,Machy
req,eng,official,jiqci
reu,eng,el,Ilmen
rı,eng,fagri,el
rıaq,eng,official,Laqme
rıe,eng,official,Machy
rıobıu,eng,Ilmen,Hydro
rıolıaı,eng,robintown,Ilmen
rıopuo,eng,Laqme,Ilmen
rıqkuao,eng,Machy,Machy
roaı,eng,official,robintown
roaıpue,eng,Ilmen,jiqci
roaq,eng,official,uakci
roaqfu,eng,sheireq,uakci
roaqroaq,eng,seaqtaq,Ilmen
roaqroaq,eng,seaqtaq,robintown
roaqsu,eng,seaqtaq,Ilmen
roesho,eng,official,zearen
roq,eng,official,robintown
ruao,eng,official,evie
ruedua,eng,seaqtaq,Ilmen
rueı,eng,salarua,jiqci
ruohuı,eng,fagri,uakci
ruome,eng,uakci,uakci
ruqshua,eng,official,uakci
sa-,eng,official,Laqme
sahu,eng,official,el
sahuruaq,eng,el,robintown
sake,eng,Ilmen,uakci
saq,eng,official,robintown
saqchıo,eng,official,robintown
satua,eng,Ilmen,uakci
seachaq,eng,uakci,seaqtaq
seaqtaq,eng,seaqtaq,uakci
sebo,eng,uakci,uakci
seje,eng,Machy,seaqtaq
selaq,eng,Hoemai,Laqme
seoqcuaomıe,eng,Ilmen,Ilmen
seto,eng,TheAndSys,fagri
sı,eng,official,Machy
sıe,eng,official,Laqme
sıeme,eng,Ilmen,fagri
sıeqca,eng,official,Ilmen
sıgı,eng,official,Laqme
sımo,eng,official,Hoemai
sıogı,eng,uakci,Ilmen
sısue,eng,Ilmen,uakci
sıtako,eng,Hoemai,robintown
sıu,eng,official,Xylochoron
sıu,eng,official,TheAndSys
sıu,eng,official,salarua
soı,eng,official,Machy
soıbuaq,eng,robintown,mimiaoganhaqpy
soıtaı,eng,official,Laqme
sono,eng,fagri,robintown
sono,eng,fagri,Isi
soq,eng,official,uakci
soq,eng,official,fagri
soq,eng,official,TheAndSys
soqkoe,eng,Laqme,uakci
soqmea,eng,Ilmen,seaqtaq
soqmea,eng,Ilmen,uakci
soqmea,eng,Ilmen,jiqci
suaıtao,eng,Ilmen,Ilmen
suaq,eng,official,Machy
suaqgıaq,eng,uakci,Ilmen
sue,eng,official,Machy
suejeo,eng,uakci,uakci
suıjeo,eng,seaqtaq,Ilmen
suoı,eng,official,Laqme
suoı,eng,official,Machy
shadı,eng,official,uakci
shaıbu,eng,fagri,Ilmen
shao,eng,official,uakci
shao,tok,el,nano
shao,eng,official,zearen
shaoca,eng,seaqtaq,Ilmen
shaoge,eng,uakci,evie
shaogı,eng,official,uakci
shaohuı,eng,official,uakci
she,tok,el,el
shea,eng,official,uakci
shea,qtq,robintown,uakci
sheabaga,eng,TheAndSys,Ilmen
sheam,eng,Laqme,eednb
sheaq,eng,official,fagri
sheba,eng,official,uakci
sheba,eng,official,uakci
sheıseum,eng,Laqme,robintown
sheokuq,eng,official,fagri
shı,qtq,Hoemai,uakci
shı,qtq,Hoemai,Ilmen
shı,qtq,Hoemai,uakci
shı,eng,official,robintown
shıchıo,eng,official,robintown
shıesho,eng,official,fagri
shıjue,eng,fagri,Ilmen
shıko,eng,official,Ilmen
shılı,eng,uakci,Ilmen
shıq,eng,official,Laqme
shıubuaq,eng,Ilmen,Ilmen
shıuleo,eng,Ilmen,uakci
shıumıu,eng,Laqme,seaqtaq
shıumıu,eng,Laqme,seaqtaq
shıune,eng,Ilmen,Ilmen
shıutao,eng,Ilmen,Ilmen
shoı,eng,official,lassc
shua,eng,official,robintown
shue,eng,official,robintown
shuedama,eng,fagri,jiqci
shuı,eng,official,uakci
shuısı,eng,salarua,uakci
shuızualua,eng,TheAndSys,salarua
ta-,eng,uakci,Laqme
tagı,eng,el,mimiaoganhaqpy
tajeo,eng,uakci,uakci
tama,eng,official,seaqtaq
tanı,eng,Laqme,robintown
tao,eng,official,Isi
taogaq,eng,Ilmen,fagri
taogaq,eng,Ilmen,uakci
taomana,eng,fagri,el
taq-,eng,uakci,robintown
taq,qtq,Ilmen,uakci
taq,qtq,Ilmen,robintown
taqtao,eng,uakci,uakci
teasuaı,eng,Machy,uakci
teıgıu,eng,fagri,jiqci
teısıao,eng,seaqtaq,evie
teq,eng,official,evie
teq,eng,official,robintown
teq,eng,official,TheAndSys
teqguaı,eng,official,Laqme
tı,qtq,Ilmen,Ilmen
tıaofoa,eng,uakci,uakci
tıaogı,eng,uakci,uakci
tıcuao,eng,Ilmen,Ilmen
tıdıbu,eng,uakci,uakci
tıjeq,eng,seaqtaq,Ilmen
tıo-,eng,TheAndSys,kazoo
tıo,eng,official,robintown
tıse,eng,official,uakci
tıshagıq,eng,Laqme,Machy
tıu,eng,official,Hoemai
tıu,eng,official,Laqme
tıuru,eng,Ilmen,Laqme
tızua,eng,uakci,seaqtaq
Toaqgua,eng,uakci,Laqme
toaqpoq,eng,uakci,seaqtaq
toe,eng,official,el
toedea,eng,seaqtaq,Ilmen
toı,eng,official,uakci
toıchıaı,eng,seaqtaq,Machy
toıme,eng,jiqci,Ilmen
toreqjuq,eng,salarua,uakci
tu-,eng,official,Laqme
tuaıbeo,eng,Laqme,robintown
tuaıfuq,eng,fagri,akesi
tuaıjoq,eng,Ilmen,Ilmen
tuaıtua,eng,uakci,lassc
tuaja,eng,official,Hoemai
tuao,eng,official,robintown
tuao,eng,official,Isi
tuaobu,eng,official,robintown
tuaq,eng,Ilmen,robintown
tue,eng,official,robintown
tue,eng,official,uakci
tuıfua,eng,official,Laqme
tujuı,eng,Ilmen,Ilmen
tujuı,eng,Ilmen,el
tuq'ıq,eng,Ilmen,uakci
tuqfıa,eng,official,Ilmen
tuqjeo,eng,Machy,Machy
tuqsıe,eng,official,Ilmen
tuqshı,eng,Ilmen,uakci
u,eng,Laqme,uakci
û,eng,xorxes,uakci
ujoq,eng,official,Laqme
Ukaınazu,eng,mimiaoganhaqpy,Laqme
ꝡa,eng,official,mimiaoganhaqpy
ꝡada,eng,uakci,Avaxar
ꝡë,eng,official,mimiaoganhaqpy
ꝡoaq,eng,uakci,mimiaoganhaqpy
za,eng,official,akesi
zafeao,eng,Laqme,Laqme
zaı,eng,official,robintown
zaıse,eng,Laqme,Laqme
zaomıeq,eng,uakci,mimiaoganhaqpy
zaq,eng,official,Hoemai
ze,eng,uakci,robintown
zeo,eng,official,Laqme
zeome,eng,seaqtaq,uakci
zıqkı,eng,el,Laqme
zıqtı,eng,uakci,Machy
zıqtıq,eng,Laqme,jiqci
zıqtoaı,eng,uakci,jiqci
zıu,eng,official,el
zıushuı,eng,uakci,Laqme
zua,eng,robintown,uakci
zuche,eng,uakci,Machy
zuchıe,eng,el,Laqme
zuchıeqtao,eng,uakci,robintown
zuıkaı,eng,Laqme,seaqtaq
