id;official;date;author;toaq;is_a_lexeme;audio;class;frame;distribution;generics;noun_classes;slot_tags;tags;examples;target_language;definition_type;definition;notes;gloss;keywords;segmentation;etymology;related;derived;synonyms;antonyms;hypernyms;hyponyms;comments;score;votes
GJLRGOslx;False;2018-09-17T22:15:56.000Z;solpahi;kuepāq;True;[];;;;;;[];[];[];eng;informal;"▯ is a chapter; ▯ is a chapter of book ▯.";['(fork of #n6bXVbhwV)'];;;;[];[];[];[];[];[];[];[];0;OrderedDict()
GqFEFJR4TI;False;2018-09-18T18:27:53.000Z;spreadsheet;mıu hủıtūa;False;[];;;;;;[];[];[];eng;informal;blame;[];;;;[];[];[];[];[];[];[];[];0;OrderedDict()
0ylnNUmfAg;False;2018-09-18T18:27:58.000Z;spreadsheet;soılūaq;True;[];;;;;;[];[];[];eng;informal;compete;[];;;;[];[];[];[];[];[];[];[];0;OrderedDict()
nHYTO0e6jl;False;2018-09-18T18:28:01.000Z;spreadsheet;toakūe;True;[];;;;;;[];[];[];eng;informal;dictionary (book);[];;;;[];[];[];[];[];[];[];[];0;OrderedDict()
4n3MtlkSAW;False;2018-09-18T18:28:02.000Z;spreadsheet;chaocāq;True;[];;;;;;[];[];[];eng;informal;drive (operate vehicle);[];;;;[];[];[];[];[];[];[];[];0;OrderedDict()
oqZ3twxK5D;False;2018-09-18T18:28:04.000Z;spreadsheet;moegāq;True;[];;;;;;[];[];[];eng;informal;empathy;[];;;;[];[];[];[];[];[];[];[OrderedDict([('content', '+1'), ('date', '2019-01-18T21:27:58.000Z'), ('author', 'seaqtaq')]), OrderedDict([('content', '-1, formatting'), ('date', '2019-05-19T00:58:27.521Z'), ('author', 'seaqtaq')]), OrderedDict([('content', '-1, formatting'), ('date', '2019-05-19T00:58:31.398Z'), ('author', 'seaqtaq')])];0;OrderedDict([('seaqtaq', 1), ('Ilmen', -1)])
O0yQ0LN7zn;False;2018-09-18T18:28:04.000Z;spreadsheet;faosīa;True;[];;;;;;[];[];[];eng;informal;endless;[];;;;[];[];[];[];[];[];[];[];0;OrderedDict()
q2zLq_70-m;False;2018-09-18T18:28:06.000Z;spreadsheet;taomōe;True;[];;;;;;[];[];[];eng;informal;feel like doing;[];;;;[];[];[];[];[];[];[];[OrderedDict([('content', '+1'), ('date', '2019-01-18T21:27:52.000Z'), ('author', 'seaqtaq')])];0;OrderedDict([('seaqtaq', 1), ('Ilmen', -1)])
Z8ZiSdPlRU;False;2018-09-18T18:28:09.000Z;spreadsheet;heqmūo;True;[];;;;;;[];[];[];eng;informal;full  (contain complete);[];;;;[];[];[];[];[];[];[];[];0;OrderedDict()
tO-pRmXOn;False;2018-09-18T18:28:11.000Z;spreadsheet;seoqhīe;True;[];;;;;;[];[];[];eng;informal;grasshopper;[];;;;[];[];[];[];[];[];[];[];0;OrderedDict()
Fi88zCH1An;False;2018-09-18T18:28:14.000Z;spreadsheet;gıdāıtūe;True;[];;;;;;[];[];[];eng;informal;have the opportunity to;[];;;;[];[];[];[];[];[];[];[];0;OrderedDict()
RU8ABM1za5;False;2018-09-18T18:28:15.000Z;spreadsheet;pukāo;True;[];;;;;;[];[];[];eng;informal;history;[];;;;[];[];[];[];[];[];[];[];0;OrderedDict()
r1YhopqIti;False;2018-09-18T18:28:21.000Z;spreadsheet;luaofūo;True;[];;;;;;[];[];[];eng;informal;kiss;[];;;;[];[];[];[];[];[];[];[];0;OrderedDict()
e2S8yIuU-_;False;2018-09-18T18:28:22.000Z;spreadsheet;fafīa;True;[];;;;;;[];[];[];eng;informal;lead (gidva);[];;;;[];[];[];[];[];[];[];[];0;OrderedDict()
aisQnrPSNF;False;2018-09-18T18:28:22.000Z;spreadsheet;kaıtōaı;True;[];;;;;;[];[];[];eng;informal;letter, character, lerfu;[];;;;[];[];[];[];[];[];[];[];0;OrderedDict()
1ntrYuvgb2;False;2018-09-18T18:28:30.000Z;spreadsheet;sımō;True;[];;;;;;[];[];[];eng;informal;monkey;[];;;;[];[];[];[];[];[];[];[];0;OrderedDict()
L87aYLtBiT;False;2018-09-18T18:28:32.000Z;spreadsheet;fuqcīa;True;[];;;;;;[];[];[];eng;informal;naked;[];;;;[];[];[];[];[];[];[];[];0;OrderedDict()
aRjUFrH07i;False;2018-09-18T18:28:33.000Z;spreadsheet;juagīq;True;[];;;;;;[];[];[];eng;informal;normal (not strange);[];;;;[];[];[];[];[];[];[];[];0;OrderedDict()
TM_gThV8W4;False;2018-09-18T18:28:34.000Z;spreadsheet;reıdūo;True;[];;;;;;[];[];[];eng;informal;orbit ⓥ;[];;;;[];[];[];[];[];[];[];[];0;OrderedDict()
-MVNTN0O5w;False;2018-09-18T18:28:39.000Z;spreadsheet;buamē;True;[];;;;;;[];[];[];eng;informal;population;[];;;;[];[];[];[];[];[];[];[];0;OrderedDict()
84plZRslTh;False;2018-09-18T18:28:40.000Z;spreadsheet;huıtāojīo;True;[];;;;;;[];[];[];eng;informal;prison;[];;;;[];[];[];[];[];[];[];[];0;OrderedDict()
QBvbVRiD5;False;2018-09-18T18:28:41.000Z;spreadsheet;duagīkūqsē;True;[];;;;;;[];[];[];eng;informal;proverb;[];;;;[];[];[];[];[];[];[];[OrderedDict([('content', '+1'), ('date', '2018-12-26T23:50:08.000Z'), ('author', 'uakci')])];0;OrderedDict([('uakci', 1), ('Ilmen', -1)])
NNxJZb7cjb;False;2018-09-18T18:28:43.000Z;spreadsheet;tıshā;True;[];;;;;;[];[];[];eng;informal;reach;[];;;;[];[];[];[];[];[];[];[];0;OrderedDict()
gF_vImynIj;False;2018-09-18T18:28:44.000Z;spreadsheet;juq;True;[];;;;;;[];[];[];eng;informal;receive;[];;;;[];[];[];[];[];[];[];[];0;OrderedDict()
ZHCLoMiX_W;False;2018-09-18T18:28:44.000Z;spreadsheet;jeıgāı;True;[];;;;;;[];[];[];eng;informal;recognize;[];;;;[];[];[];[];[];[];[];[OrderedDict([('content', '+1'), ('date', '2018-12-30T22:30:01.000Z'), ('author', 'seaqtaq')]), OrderedDict([('content', '+1'), ('date', '2018-12-30T22:51:25.000Z'), ('author', 'uakci')]), OrderedDict([('content', '-1, formatting'), ('date', '2019-05-19T00:56:03.497Z'), ('author', 'seaqtaq')]), OrderedDict([('content', '-1, formatting'), ('date', '2019-05-19T00:56:05.513Z'), ('author', 'seaqtaq')]), OrderedDict([('content', '-1, formatting'), ('date', '2019-05-19T00:56:07.547Z'), ('author', 'seaqtaq')])];0;OrderedDict([('seaqtaq', 1), ('uakci', -1)])
LT18puXdmn;False;2018-09-18T18:28:45.000Z;spreadsheet;nuadōa;True;[];;;;;;[];[];[];eng;informal;replace/instead;[];;;;[];[];[];[];[];[];[];[];0;OrderedDict()
C_cNzWa9ay;False;2018-09-18T18:28:45.000Z;spreadsheet;tıqbō;True;[];;;;;;[];[];[];eng;informal;reptile;[];;;;[];[];[];[];[];[];[];[];0;OrderedDict()
qkwJy6r8dO;False;2018-09-18T18:28:45.000Z;spreadsheet;chuqjēarīaq;True;[];;;;;;[];[];[];eng;informal;restaurant;[];;;;[];[];[];[];[];[];[];[];0;OrderedDict()
BEAb1z2QZf;False;2018-09-18T18:28:49.000Z;spreadsheet;poepāq;True;[];;;;;;[];[];[];eng;informal;section;[];;;;[];[];[];[];[];[];[];[];0;OrderedDict()
HsCqpRnwX;False;2018-09-18T18:28:54.000Z;spreadsheet;suaqsē;True;[];;;;;;[];[];[];eng;informal;song;[];;;;[];[];[];[];[];[];[];[OrderedDict([('content', '+1!'), ('date', '2018-09-20T06:53:25.000Z'), ('author', 'uakci')])];0;OrderedDict([('uakci', 1), ('Ilmen', -1)])
Lfoj6HlzTD;False;2018-09-18T18:28:55.000Z;spreadsheet;tıjēaq;True;[];;;;;;[];[];[];eng;informal;spread;[];;;;[];[];[];[];[];[];[];[];0;OrderedDict()
HeJN2Ov3tC;False;2018-09-18T18:28:59.000Z;spreadsheet;doelē;True;[];;;;;;[];[];[];eng;informal;tende;[];;;;[];[];[];[];[];[];[];[];0;OrderedDict()
J7qSSDKcnd;False;2018-09-18T18:29:02.000Z;spreadsheet;saofā;True;[];;;;;;[];[];[];eng;informal;travel;[];;;;[];[];[];[];[];[];[];[];0;OrderedDict()
1QhPMPGub4;False;2018-09-18T18:29:02.000Z;spreadsheet;saqjīeq;True;[];;;;;;[];[];[];eng;informal;triangle;[];;;;[];[];[];[];[];[];[];[];0;OrderedDict()
oEuH1i-Gxr;False;2018-09-18T18:29:03.000Z;spreadsheet;muıtōa;True;[];;;;;;[];[];[];eng;informal;verb;[];;;;[];[];[];[];[];[];[];[];0;OrderedDict()
LAbtUUUA9j;False;2018-09-18T18:29:05.000Z;spreadsheet;shuehūı;True;[];;;;;;[];[];[];eng;informal;waste (bad deplete);[];;;;[];[];[];[];[];[];[];[];0;OrderedDict()
nORK_Pa1XQ;False;2018-09-18T18:29:06.000Z;spreadsheet;soıtāı;True;[];;;;;;[];[];[];eng;informal;win;[];;;;[];[];[];[];[];[];[];[];0;OrderedDict()
FN3iVcScG;False;2018-09-18T20:45:21.000Z;Ilmen;tıbūmēo;True;[];;;;;;[];[];[];eng;informal;"▯ misses ▯; ▯ is sad that ▯ is not there.";[];;;;[];[];[];[];[];[];[];[OrderedDict([('content', '+1'), ('date', '2019-06-20T15:07:35.767Z'), ('author', 'uakci')])];1;OrderedDict([('uakci', 1)])
yXBeLlHeW;False;2018-09-24T03:52:58.000Z;fagri;soq;True;[];;;;;;[];[];[];eng;informal;"(fork of official) predicate: ▯, among ▯, is the ▯est;  ▯, among ▯, satisfies property ▯ the most";[];;;;[];[];[];[];[];[];[];"[OrderedDict([('content', 'This is great, because it behaves much more nicely in serial predicates.  +1 ;)'), ('date', '2018-09-24T03:53:41.000Z'), ('author', 'fagri')]), OrderedDict([('content', '+1!'), ('date', '2018-09-24T04:59:19.000Z'), ('author', 'uakci')]), OrderedDict([('content', '+1 ♥'), ('date', '2019-02-12T19:34:48.000Z'), ('author', 'lynn')])]";4;OrderedDict([('fagri', 1), ('uakci', 1), ('lynn', 1), ('akesi', 1)])
w55XRPL8z;False;2018-09-24T11:41:13.000Z;Ilmen;kıedōa;True;[];;;;;;[];[];[];eng;informal;▯ rewards ▯ with action ▯.;[];;;;[];[];[];[];[];[];[];[];0;OrderedDict()
d5jkbbySz;False;2018-09-26T11:23:41.000Z;Ilmen;chıtūafūı;True;[];;;;;;[];[];[];eng;informal;▯ is naive.;[];;;;[];[];[];[];[];[];[];[];0;OrderedDict()
ypIf3LarK;False;2018-09-26T12:26:28.000Z;Ilmen;burūaq;True;[];;;;;;[];[];[];eng;informal;▯ denies ▯.;[];;;;[];[];[];[];[];[];[];[OrderedDict([('content', '+1'), ('date', '2019-06-20T12:44:59.571Z'), ('author', 'uakci')])];2;OrderedDict([('uakci', 1), ('Ilmen', 1)])
ybPjQZFnT;False;2018-09-30T20:03:44.000Z;Ilmen;porōı;True;[];;;;;;[];[];[];eng;informal;"▯ is what satisfies the property ▯, together with the other things/persons related to it; ▯ is ▯ and co.";[];;;;[];[];[];[];[];[];[];[OrderedDict([('content', '+1'), ('date', '2019-02-02T22:36:35.000Z'), ('author', 'lynn')])];0;OrderedDict([('lynn', 1), ('Ilmen', -1)])
LelHgNhK6;False;2018-10-01T19:01:04.000Z;Ilmen;choaqhīo;True;[];;;;;;[];[];[];eng;informal;▯ welcomes ▯.;[];;;;[];[];[];[];[];[];[];[];1;OrderedDict([('uakci', 1)])
lbGOzrJ7o;False;2018-10-02T21:54:11.000Z;Ilmen;shıukūnē;True;[];;;;;;[];[];[];eng;informal;▯ is a raccoon.;[];;;;[];[];[];[];[];[];[];[];0;OrderedDict()
6gRfVhxmS;False;2018-10-05T19:34:10.000Z;sheireq;kanādā;True;[];;;;;;[];[];[];eng;informal;"predicate: 'Canadian'; ▯ is Canadian/pertains to Canada.";[];;;;[];[];[];[];[];[];[];[];0;OrderedDict()
SvY6wr879;False;2018-10-05T21:01:03.000Z;lynn;farāqsē;True;[];;;;;;[];[];[];eng;informal;▯ is French / is of France, its languages or people.;[];;;;[];[];[];[];[];[];[];[];0;OrderedDict()
tTJBZgw7t;False;2018-10-05T21:02:30.000Z;lynn;nıhōq;True;[];;;;;;[];[];[];eng;informal;▯ is Japanese / is of Japan, its languages or people.;[];;;;[];[];[];[];[];[];[];[];0;OrderedDict()
t7ES67Yi5;False;2018-10-05T21:02:58.000Z;lynn;juqgūogūa;True;[];;;;;;[];[];[];eng;informal;▯ is China.;[];;;;[];[];[];[];[];[];[];[];0;OrderedDict()
YQJINqw2V;False;2018-10-05T21:03:40.000Z;lynn;farāqsētōaq;True;[];;;;;;[];[];[];eng;informal;▯ is the French language.;[];;;;[];[];[];[];[];[];[];[];0;OrderedDict()
0_XnOSV7E;False;2018-10-05T21:04:28.000Z;lynn;nıhōqtōaq;True;[];;;;;;[];[];[];eng;informal;▯ is the Japanese language.;[];;;;[];[];[];[];[];[];[];[];0;OrderedDict()
kDLLzK6EK;False;2018-10-05T21:08:57.000Z;Ilmen;sıesīa;True;[];;;;;;[];[];[];eng;informal;▯ is previous in sequence ▯.;[];;;;[];[];[];[];[];[];[];[];0;OrderedDict()
xMTZo5ovD;False;2018-10-07T18:23:39.000Z;Ilmen;ceahākō;True;[];;;;;;[];[];[];eng;informal;▯ is a koala.;[];;;;[];[];[];[];[];[];[];[];0;OrderedDict()
AabZVM-zl;False;2018-10-08T15:15:20.000Z;Ilmen;muqshōaı;True;[];;;;;;[];[];[];eng;informal;▯ is a bat.;[];;;;[];[];[];[];[];[];[];[];0;OrderedDict()
xsUZwlIst;False;2018-10-08T16:44:40.000Z;uakci;huq;True;[];;;;;;[];[];[];eng;informal;self-vocative: analogous to «hu», but describes the speaker and not the intended listener.;[];;;;[];[];[];[];[];[];[];[];0;OrderedDict()
cqEKlFD6g;False;2018-10-08T17:33:53.000Z;uakci;leoq;True;[];;;;;;[];[];[];eng;informal;▯ is unlikely/improbable.;[];;;;[];[];[];[];[];[];[];[OrderedDict([('content', 'No, this word doesn’t mean ‘lion.’'), ('date', '2018-10-08T17:34:12.000Z'), ('author', 'uakci')])];0;OrderedDict()
wq4YEDkWA;False;2018-10-08T20:40:11.000Z;Ilmen;choqkīu;True;[];;;;;;[];[];[];eng;informal;"▯ is available; ▯ is available for being or doing ▯.";[];;;;[];[];[];[];[];[];[];[];1;OrderedDict([('uakci', 1)])
mNIBa7BKQ;False;2018-10-08T21:58:14.000Z;Ilmen;rudō;True;[];;;;;;[];[];[];eng;informal;▯ is a bramble.;[];;;;[];[];[];[];[];[];[];"[OrderedDict([('content', 'PIE ""wr̥dʰo-"" → Rubus.'), ('date', '2018-10-08T21:58:54.000Z'), ('author', 'Ilmen')])]";0;OrderedDict()
oPr-jjkdJ;False;2018-10-09T09:34:43.000Z;Ilmen;hıdērūdō;True;[];;;;;;[];[];[];eng;informal;▯ is a raspberry plant.;[];;;;[];[];[];[];[];[];[];"[OrderedDict([('content', 'Rubus idaeus; it was associated with Mount Ida (ἴ̄δη in Ancient Greek), near Troy, in the North East of Turkey, which was apparently particularly rich in them.'), ('date', '2018-10-09T09:37:38.000Z'), ('author', 'Ilmen')])]";0;OrderedDict()
_y8bnCqVm;False;2018-10-11T19:49:07.000Z;uakci;q̄;True;[];;;;;;[];[];[];eng;informal;hesitation;[];;;;[];[];[];[];[];[];[];[];0;OrderedDict()
zBlUX7QjW;False;2018-10-15T08:22:18.000Z;uakci;be;True;[];;;;;;[];[];[];eng;informal;"prefix binary operator: bind second place of following predicate to the noun phrase that follows; be V N ∈ RAI.";[];;;;[];[];[];[];[];[];[];[];0;OrderedDict()
kasUFHys4;False;2018-10-17T21:03:26.000Z;Ilmen;hımīeq;True;[];;;;;;[];[];[];eng;informal;▯́ pa lủ tu dó měa hóa ▯́ bı, mỉeq hóa lî ja dógū měa hóa ▯́ bı jẻo dó dógū.;[];;;;[];[];[];[];[];[];[];[];0;OrderedDict()
uDtuRa3Iv;False;2018-10-20T07:43:32.000Z;Ilmen;tapīrā;True;[];;;;;;[];[];[];eng;informal;▯ is a tapir.;[];;;;[];[];[];[];[];[];[];[];0;OrderedDict()
nneDth8bv;False;2018-10-20T17:25:04.000Z;Ilmen;gorīlāı;True;[];;;;;;[];[];[];eng;informal;▯ is a gorilla.;[];;;;[];[];[];[];[];[];[];[];0;OrderedDict()
SfKHAU6uW;False;2018-10-20T20:30:42.000Z;Ilmen;menī;True;[];;;;;;[];[];[];eng;informal;▯ is a pangolin of the Manis genus.;[];;;;[];[];[];[];[];[];[];[];0;OrderedDict()
sMJFC2EHJ;False;2018-10-21T13:24:19.000Z;Ilmen;nuqlēq;True;[];;;;;;[];[];[];eng;informal;▯ is an anteater.;[];;;;[];[];[];[];[];[];[];[];0;OrderedDict()
h-4tR3cSY;False;2018-10-27T15:25:04.000Z;Ilmen;feodūo;True;[];;;;;;[];[];[];eng;informal;▯ moves towards ▯.;[];;;;[];[];[];[];[];[];[];[];0;OrderedDict()
UgF0D8Oxf;False;2018-10-27T21:41:39.000Z;uakci;bırāı;True;[];;;;;;[];[];[];eng;informal;▯ is the topic (prenex) of this sentence.;[];;;;[];[];[];[];[];[];[];[];0;OrderedDict()
DT2NbgNFW;False;2018-11-02T09:36:36.000Z;uakci;mu;True;[];;;;;;[];[];[];eng;informal;[@fagri’s definition:] pre-verb particle: swap the first slot with the second.;[];;;;[];[];[];[];[];[];[];"[OrderedDict([('content', ""(By the way, this isn't mine; it existed before I even came to the Toaq community)""), ('date', '2019-02-23T22:45:34.000Z'), ('author', 'fagri')]), OrderedDict([('content', '+1'), ('date', '2019-02-23T22:48:42.000Z'), ('author', 'fagri')]), OrderedDict([('content', 'we know that pretty well already, @fagri, we do'), ('date', '2019-02-24T10:19:36.000Z'), ('author', 'uakci')]), OrderedDict([('content', '(takes tone to make a serial - mủ)'), ('date', '2020-03-30T04:25:39.991Z'), ('author', 'akesi')]), OrderedDict([('content', 'that’s not true of this version of **mu**, @akesi'), ('date', '2020-03-30T04:46:39.573Z'), ('author', 'uakci')]), OrderedDict([('content', 'oop'), ('date', '2020-03-30T04:48:28.485Z'), ('author', 'akesi')])]";0;OrderedDict([('fagri', 1), ('Ilmen', -1)])
wUFEu7r6x;False;2018-11-18T13:11:32.000Z;Ilmen;leı;True;[];;;;;;[];[];[];eng;informal;▯ is unfrequent in property ▯.;[];;;;[];[];[];[];[];[];[];[];0;OrderedDict()
hpnOBbz5D;False;2018-11-21T21:16:15.000Z;fagri;daqkō;True;[];;;;;;[];[];[];eng;informal;▯, among those satisfying property ▯, is the ▯th;[];;;;[];[];[];[];[];[];[];[OrderedDict([('content', '+1 for conforming to abstraction-ordering simplification'), ('date', '2018-11-21T21:16:30.000Z'), ('author', 'fagri')])];1;OrderedDict([('fagri', 1)])
CJKfrXS-6;False;2018-12-08T15:25:53.000Z;lynn;deoqsōı;True;[];;;;;;[];[];[];eng;informal;▯ argues with ▯.;[];;;;[];[];[];[];[];[];[];[];1;OrderedDict([('Ilmen', 1)])
ccKO4w7gf;False;2018-12-08T16:43:13.000Z;uakci;mıqdoe;True;[];;;;;;[];[];[];eng;informal;#doemiq;[];;;;[];[];[];[];[];[];[];[];0;OrderedDict()
0-20OQSmh;False;2018-12-09T20:09:12.000Z;lynn;luaqchūo;True;[];;;;;;[];[];[];eng;informal;▯ is a toy.;[];;;;[];[];[];[];[];[];[];[];0;OrderedDict()
7d4Lavvf-;False;2018-12-14T02:49:50.000Z;lynn;mu bỏqbū;False;[];;;;;;[];[];[];eng;informal;▯ isn't prevented by ▯. (= ▯ happens despite ▯.);[];;;;[];[];[];[];[];[];[];[];0;OrderedDict()
4Bxi-YDct;False;2018-12-23T15:04:12.000Z;uakci;ruı;True;[];;;;;;[];[];[];eng;informal;grey / gray;[];;;;[];[];[];[];[];[];[];[];0;OrderedDict()
IbS_0OOU5;False;2018-12-24T18:18:43.000Z;seaqtaq;catāq;True;[];;;;;;[];[];[];eng;informal;▯ happens automatically;[];;;;[];[];[];[];[];[];[];"[OrderedDict([('content', ';▯ does ▯ automatically'), ('date', '2019-01-05T01:13:49.000Z'), ('author', 'seaqtaq')]), OrderedDict([('content', 'the previous note gives a nonsensical definition, see **doe**'), ('date', '2019-12-27T16:38:18.713Z'), ('author', 'seaqtaq')])]";1;OrderedDict([('Ilmen', 1)])
IAxe5-tpJ;False;2018-12-25T00:57:25.000Z;uakci;lo;True;[];;;;;;[];[];[];eng;informal;"convert predicate into noun phrase; veridical.";[];;;;[];[];[];[];[];[];[];[OrderedDict([('content', 'example: ‘pỉnxē fı lo mlảtū lo lảdrū ıau’'), ('date', '2018-12-25T00:58:10.000Z'), ('author', 'uakci')]), OrderedDict([('content', 'is this not ke?'), ('date', '2020-03-15T23:20:44.079Z'), ('author', 'akesi')])];0;OrderedDict()
bocmlSFC2;False;2018-12-29T17:51:19.000Z;seaqtaq;seaqrīoq;True;[];;;;;;[];[];[];eng;informal;▯ is gender;[];;;;[];[];[];[];[];[];[];[];1;OrderedDict([('uakci', 1)])
roDa03DMa;False;2018-12-29T20:24:18.000Z;seaqtaq;daqtūao;True;[];;;;;;[];[];[];eng;informal;▯ occurs for a short while;['(fork of #uh7F6PT8j)'];;;;[];[];[];[];[];[];[];"[OrderedDict([('content', '""short duration"", ""brief"".'), ('date', '2019-02-07T18:17:51.000Z'), ('author', 'Ilmen')])]";0;OrderedDict()
B7_nfX35S;False;2018-12-30T23:24:31.000Z;fagri;kılō;True;[];;;;;;[];[];[];eng;informal;▯ masses exactly ▯ kilograms;[];;;;[];[];[];[];[];[];[];[];0;OrderedDict()
PD77nJYj6;False;2018-12-31T08:48:11.000Z;Ilmen;kılō;True;[];;;;;;[];[];[];eng;informal;▯ is a kilogram.;[];;;;[];[];[];[];[];[];[];[];0;OrderedDict()
DM8R7aTEx;False;2018-12-31T20:48:36.000Z;uakci;tubī;True;[];;;;;;[];[];[];eng;informal;"▯ is identical to ▯; ▯ is a member of ▯; ▯ is a subclass of ▯; ▯ satisfies property ▯; ▯ is located at ▯; There exists ▯.";[];;;;[];[];[];[];[];[];[];[];0;OrderedDict()
HXuGRkojP;False;2019-01-02T07:13:06.000Z;fagri;jaqjāq;True;[];;;;;;[];[];[];eng;informal;"▯ is very, VERY much the case; ▯ is very, VERY ▯";[];;;;[];[];[];[];[];[];[];[];0;OrderedDict()
-4ZycrOw1;False;2019-01-04T23:35:53.000Z;Xylochoron;sıu;True;[];;;;;;[];[];[];eng;informal;"(fork of official) predicate: ‘similar’; ▯ is similar to ▯ in property ▯.";[];;;;[];[];[];[];[];[];[];"[OrderedDict([('content', 'possibly would be nice to say what similarity two things have... like how ""jeq"" officially says two things are the same in some property'), ('date', '2019-01-04T23:36:41.000Z'), ('author', 'Xylochoron')]), OrderedDict([('content', '+1'), ('date', '2019-01-05T00:57:23.000Z'), ('author', 'fagri')]), OrderedDict([('content', '+1'), ('date', '2019-01-05T06:48:59.000Z'), ('author', 'uakci')]), OrderedDict([('content', '+1'), ('date', '2019-01-27T22:38:40.000Z'), ('author', 'seaqtaq')]), OrderedDict([('content', '+1 ♫'), ('date', '2019-02-12T19:34:56.000Z'), ('author', 'lynn')]), OrderedDict([('content', 'It just occurred to me that **jui** might accomplish what this word does. Not sure though'), ('date', '2019-02-12T19:35:44.000Z'), ('author', 'fagri')]), OrderedDict([('content', '-1 (to retract previous vote)'), ('date', '2019-04-14T22:19:14.000Z'), ('author', 'uakci')]), OrderedDict([('content', '-1; cf. ‘siu’ on Toajōe'), ('date', '2019-04-14T22:19:37.000Z'), ('author', 'uakci')]), OrderedDict([('content', '(i.e., there is no way to fit the proposed x3 in the definition there, and I think that definition is close to being flawless)'), ('date', '2019-04-14T22:20:53.000Z'), ('author', 'uakci')])]";2;OrderedDict([('fagri', 1), ('uakci', -1), ('seaqtaq', 1), ('lynn', 1)])
Qw1_oepxC;False;2019-01-05T16:04:03.000Z;Ilmen;fıamāq;True;[];;;;;;[];[];[];eng;informal;"▯ is it (obviative); ▯ is the second-to-lastly mentioned inanimate referent.";[];;;;[];[];[];[];[];[];[];[];0;OrderedDict()
c9M4vMgVl;False;2019-01-05T16:12:37.000Z;Ilmen;kogīq;True;[];;;;;;[];[];[];eng;informal;__ is the x-th to last among ▯ where x is the number ▯, when sorted by property ▯.;[];;;;[];[];[];[];[];[];[];[];0;OrderedDict()
1hlbY-Zgm;False;2019-01-05T16:31:22.000Z;Ilmen;nuekāo;True;[];;;;;;[];[];[];eng;informal;▯ is a contract.;[];;;;[];[];[];[];[];[];[];[];0;OrderedDict()
CMpq0TRu7;False;2019-01-06T22:47:01.000Z;seaqtaq;ruedūa;True;[];;;;;;[];[];[];eng;informal;▯ is uncertain that ▯ is the case;[];;;;[];[];[];[];[];[];[];[];0;OrderedDict()
tMykgNdyD;False;2019-01-07T18:36:41.000Z;uakci;gong;True;[];;;;;;[];[];[];eng;informal;gong;[];;;;[];[];[];[];[];[];[];[];0;OrderedDict()
3xtw_2R4z;False;2019-01-07T21:51:34.000Z;Ilmen;sıemē;True;[];;;;;;[];[];[];eng;informal;▯ is a sequence (abstract entity).;[];;;;[];[];[];[];[];[];[];[OrderedDict([('content', 'Conflicts with #fdI6xT0Bt'), ('date', '2019-04-18T00:39:01.000Z'), ('author', 'seaqtaq')])];0;OrderedDict()
g2u36x2SN;False;2019-01-07T22:09:12.000Z;Ilmen;shıqhūahūaı;True;[];;;;;;[];[];[];eng;informal;"▯ picks their nose; ▯ picks ▯'s nose.";[];;;;[];[];[];[];[];[];[];[];0;OrderedDict()
H_FXwezkm;False;2019-01-08T22:09:50.000Z;seaqtaq;hoıtōa;True;[];;;;;;[];[];[];eng;informal;▯ is an anaphora;[];;;;[];[];[];[];[];[];[];[];0;OrderedDict()
x4kY2y8N3;False;2019-01-11T14:58:27.000Z;Ilmen;leaqbūa;True;[];;;;;;[];[];[];eng;informal;▯ is a neighbor of ▯.;[];;;;[];[];[];[];[];[];[];[];0;OrderedDict()
uSKYUJi7z;False;2019-01-11T22:37:39.000Z;Ilmen;naotī;True;[];;;;;;[];[];[];eng;informal;▯ is at least partly immersed (in ▯).;[];;;;[];[];[];[];[];[];[];[];0;OrderedDict()
pbwemuAmr;False;2019-01-21T05:48:15.000Z;fagri;taogīq;True;[];;;;;;[];[];[];eng;informal;"▯ is an accident; ▯ does ▯ by accident";[];;;;[];[];[];[];[];[];[];[OrderedDict([('content', '+1'), ('date', '2019-01-21T05:48:19.000Z'), ('author', 'fagri')]), OrderedDict([('content', 'I prefer #oYd969ikJ'), ('date', '2020-02-05T12:23:37.857Z'), ('author', 'uakci')])];0;OrderedDict([('fagri', 1), ('uakci', -1)])
rQ_kbh7_u;False;2019-01-22T00:53:50.000Z;seaqtaq;fufū;True;[];;;;;;[];[];[];eng;informal;▯ is the offspring of the offspring of ▯;[];;;;[];[];[];[];[];[];[];[];0;OrderedDict()
R_f3ZqS6b;False;2019-01-25T17:19:35.000Z;Ilmen;lıcō;True;[];;;;;;[];[];[];eng;informal;▯ is the number of things satisfying the property ▯ (among ▯).;[];;;;[];[];[];[];[];[];[];"[OrderedDict([('content', '+1'), ('date', '2019-01-25T17:21:12.000Z'), ('author', 'uakci')]), OrderedDict([('content', ""{.ilka'u} in Lojban (although with a different argument order).""), ('date', '2019-01-25T17:23:02.000Z'), ('author', 'Ilmen')])]";0;OrderedDict([('uakci', 1), ('Ilmen', -1)])
WfLO9gvmX;False;2019-01-26T00:04:18.000Z;uakci;tue;True;[];;;;;;[];[];[];eng;informal;▯ is the event ▯/0.;[];;;;[];[];[];[];[];[];[];"[OrderedDict([('content', '+1; the official definition for this word is inexplicable'), ('date', '2019-02-17T18:53:56.000Z'), ('author', 'fagri')]), OrderedDict([('content', '+1 – I agree'), ('date', '2019-02-17T19:02:22.000Z'), ('author', 'uakci')]), OrderedDict([('content', ""+0, nuetrality on hedai's part-he agrees""), ('date', '2019-02-17T19:03:18.000Z'), ('author', 'seaqtaq')]), OrderedDict([('content', 'Oh also -1, since this makes the word equivalent to guo'), ('date', '2019-02-17T19:09:46.000Z'), ('author', 'fagri')])]";2;OrderedDict([('fagri', 1), ('uakci', 1)])
wNxBm0gnF;False;2019-01-26T17:08:25.000Z;Xeizzen;fejūe;True;[];;;;;;[];[];[];eng;informal;▯ is May;[];;;;[];[];[];[];[];[];[];[];0;OrderedDict()
WHIL64ugB;False;2019-01-26T18:06:32.000Z;lynn;shıjūe;True;[];;;;;;[];[];[];eng;informal;▯ is January;[];;;;[];[];[];[];[];[];[];[];1;OrderedDict([('Hoemai', 1)])
uBFFxkxnc;False;2019-01-26T18:21:23.000Z;lynn;saqjūe;True;[];;;;;;[];[];[];eng;informal;▯ is March;[];;;;[];[];[];[];[];[];[];[];1;OrderedDict([('Hoemai', 1)])
6sWjRlnxJf;False;2019-01-26T18:23:12.000Z;lynn;fejūe;True;[];;;;;;[];[];[];eng;informal;▯ is May;[];;;;[];[];[];[];[];[];[];[];1;OrderedDict([('Hoemai', 1)])
x9gOOTZ3Ng;False;2019-01-26T18:23:40.000Z;lynn;dıaıjūe;True;[];;;;;;[];[];[];eng;informal;▯ is July;[];;;;[];[];[];[];[];[];[];[];1;OrderedDict([('Hoemai', 1)])
qdeiKaJICs;False;2019-01-26T18:23:41.000Z;lynn;neıjūe;True;[];;;;;;[];[];[];eng;informal;▯ is September;[];;;;[];[];[];[];[];[];[];[];1;OrderedDict([('Hoemai', 1)])
QRD1rDkaCY;False;2019-01-26T18:23:42.000Z;lynn;heıshījūe;True;[];;;;;;[];[];[];eng;informal;▯ is November;[];;;;[];[];[];[];[];[];[];[];1;OrderedDict([('Hoemai', 1)])
xA1x6oUhp;False;2019-01-26T20:26:31.000Z;Ilmen;dıalīmī;True;[];;;;;;[];[];[];eng;informal;▯ is the one-sided mathematical limit of the function ▯ as its input approaches the number ▯ from above.;[];;;;[];[];[];[];[];[];[];[];0;OrderedDict()
xdJsnhde7;False;2019-01-26T21:32:49.000Z;uakci;due;True;[];;;;;;[];[];[];eng;informal;▯ is the answer to problem ▯.;[];;;;[];[];[];[];[];[];[];[];0;OrderedDict()
SyvvCRFbE;False;2019-01-28T21:23:20.000Z;Ilmen;janē;True;[];;;;;;[];[];[];eng;informal;▯ is an arity of the predicate ▯.;[];;;;[];[];[];[];[];[];[];[OrderedDict([('content', '+1'), ('date', '2019-02-04T22:55:10.000Z'), ('author', 'uakci')])];1;OrderedDict([('uakci', 1)])
yvlndUYCr;False;2019-01-30T00:54:08.000Z;seaqtaq;tua hỏaq;False;[];;;;;;[];[];[];eng;informal;▯ burns ▯;[];;;;[];[];[];[];[];[];[];[];0;OrderedDict()
exVGRuL2M;False;2019-01-30T05:11:41.000Z;fagri;puınē;True;[];;;;;;[];[];[];eng;informal;The count of ▯ is the number ▯.;[];;;;[];[];[];[];[];[];[];"[OrderedDict([('content', '(To be used with ""pei"" of course)'), ('date', '2019-01-30T05:11:50.000Z'), ('author', 'fagri')])]";0;OrderedDict()
6qHpy_Ahc;False;2019-02-01T16:07:22.000Z;Ilmen;jıqjīaq;True;[];;;;;;[];[];[];eng;informal;▯ is the real world.;[];;;;[];[];[];[];[];[];[];[];0;OrderedDict()
nMOpiusQ-;False;2019-02-01T19:20:11.000Z;Ilmen;kıoqchīu;True;[];;;;;;[];[];[];eng;informal;▯ are the spherical coordinates (distance, azimuthal angle and polar angle) of ▯ relatively to the spatial frame of reference ▯.;[];;;;[];[];[];[];[];[];[];[];0;OrderedDict()
98XA8nZvs;False;2019-02-01T21:03:57.000Z;Ilmen;kıoqchīu;True;[];;;;;;[];[];[];eng;informal;▯ are the spherical coordinates (distance, inclination and azimuth) of ▯ relatively to the spatial frame of reference ▯.;[];;;;[];[];[];[];[];[];[];[];0;OrderedDict()
O_t-bnAia;False;2019-02-02T16:23:28.000Z;seaqtaq;soqmēa;True;[];;;;;;[];[];[];eng;informal;▯ is the majority of ▯;['(fork of #-cyCH-uCO)'];;;;[];[];[];[];[];[];[];"[OrderedDict([('content', 'Surely you mean ""X is *a* majority of Y""'), ('date', '2019-12-19T03:27:37.508Z'), ('author', 'fagri')])]";0;OrderedDict([('fagri', 1), ('Ilmen', -1)])
Zg_HvL-S7;False;2019-02-03T03:01:23.000Z;lynn;doıchē;True;[];;;;;;[];[];[];eng;informal;▯ is German / of Germany, its languages or people.;[];;;;[];[];[];[];[];[];[];[];0;OrderedDict()
aehfwYPHI;False;2019-02-03T03:01:44.000Z;lynn;doıchētōaq;True;[];;;;;;[];[];[];eng;informal;▯ is the German language.;[];;;;[];[];[];[];[];[];[];[];0;OrderedDict()
EPhplho2v;False;2019-02-05T10:54:23.000Z;lynn;luaqjūao;True;[];;;;;;[];[];[];eng;informal;▯ is a rule of a game.;[];;;;[];[];[];[];[];[];[];[];0;OrderedDict()
DhADjtpqW;False;2019-02-07T21:54:16.000Z;Ilmen;koemōı;True;[];;;;;;[];[];[];eng;informal;▯ hesitates between ▯ for satisfying property ▯.;[];;;;[];[];[];[];[];[];[];"[OrderedDict([('content', '= koelāo #XZ2LOjTbF; ≈ moılāo.'), ('date', '2019-02-07T21:55:39.000Z'), ('author', 'Ilmen')])]";0;OrderedDict()
tQuq_ezpc;False;2019-02-08T15:17:47.000Z;lynn;fı;True;[];;;;;;[];[];[];eng;informal;linking word: first argument place;[];;;;[];[];[];[];[];[];[];[];0;OrderedDict()
01INvzvnH;False;2019-02-08T16:53:48.000Z;lynn;jearīaq;True;[];;;;;;[];[];[];eng;informal;(fork of official) ▯ is a market/shop where things satisfying ▯ can be bought.;[];;;;[];[];[];[];[];[];[];[OrderedDict([('content', '→ jéarīaq chảı, jéarīaq nủeq, jéarīaq kủe…'), ('date', '2019-02-08T16:57:00.000Z'), ('author', 'lynn')]), OrderedDict([('content', '+1'), ('date', '2019-02-12T19:25:01.000Z'), ('author', 'uakci')])];1;OrderedDict([('uakci', 1)])
jRO-nDTxa;False;2019-02-09T20:57:36.000Z;Ilmen;luhōı;True;[];;;;;;[];[];[];eng;informal;▯ is the referent of the most recently mentioned lû-clause.;[];;;;[];[];[];[];[];[];[];[];0;OrderedDict()
YjUWrKEsy;False;2019-02-10T15:50:25.000Z;seaqtaq;roaqsū;True;[];;;;;;[];[];[];eng;informal;▯ is the parent of the parent of ▯;['(fork of #3UaRLtcuB)'];;;;[];[];[];[];[];[];[];[];0;OrderedDict()
zFVrWeOyC;False;2019-02-19T03:40:21.000Z;sheireq;fıjī;True;[];;;;;;[];[];[];eng;informal;▯ is satisfied by me.;['(fork of #Ysze9KPwZ)'];;;;[];[];[];[];[];[];[];[OrderedDict([('content', 'Consistency with gojī'), ('date', '2019-02-19T03:40:39.000Z'), ('author', 'sheireq')])];0;OrderedDict()
DPgZQFgYc;False;2019-02-21T10:44:52.000Z;Ilmen;heqchūo;True;[];;;;;;[];[];[];eng;informal;"(fork of official) predicate: ‘container’; ▯ is a container; ▯ is a contained designed to contain anything satisfying property ▯.";[];;;;[];[];[];[];[];[];[];[];0;OrderedDict()
rOEf_3vR2;False;2019-02-24T17:52:18.000Z;fagri;horāchīu;True;[];;;;;;[];[];[];eng;informal;▯ is the time ▯ (three- or four-digit number);[];;;;[];[];[];[];[];[];[];"[OrderedDict([('content', 'The entity named is the set of evenly spaced points in time that occur at time (h)h:mm'), ('date', '2019-02-24T17:53:07.000Z'), ('author', 'fagri')]), OrderedDict([('content', 'Example: ""rào hórāchīu shỉgūgū"" = ""at 1:22 am"", ""rào hórāchīu gủhēısāqhēı"" = ""at 8:30 pm"" (= 20:30)'), ('date', '2019-02-24T17:54:33.000Z'), ('author', 'fagri')]), OrderedDict([('content', 'Oh also, a one- or two-digit argument means that only the hour is being named, but it still refers to exactly a set of *points* in time; ""rào hórāchīu hẻı"" = ""at 10:00 am (sharp)""'), ('date', '2019-02-24T17:55:55.000Z'), ('author', 'fagri')])]";0;OrderedDict()
hdCvA1CuY;False;2019-03-02T21:21:48.000Z;fagri;buqjīaı;True;[];;;;;;[];[];[];eng;informal;▯ bites ▯;[];;;;[];[];[];[];[];[];[];[];0;OrderedDict()
yT4DjReam;False;2019-03-05T22:48:32.000Z;lynn;tıshāgīq;True;[];;;;;;[];[];[];eng;informal;▯ leaves place/position ▯.;[];;;;[];[];[];[];[];[];[];[OrderedDict([('content', 'departs'), ('date', '2020-06-29T03:26:36.265Z'), ('author', 'magi')])];1;OrderedDict([('magi', 1)])
_9qCoQEc6;False;2019-03-15T01:07:01.000Z;fagri;sheokūq;True;[];;;;;;[];[];[];eng;informal;▯ apologizes to ▯ for satisfying property ▯;[];;;;[];[];[];[];[];[];[];[];0;OrderedDict()
msSRcLXIu;False;2019-03-22T15:30:07.000Z;Hoemai;panāmā;True;[];;;;;;[];[];[];eng;informal;▯ is Panamanian (of, from, or pertaining to Panama or Panamanian people).;[];;;;[];[];[];[];[];[];[];[];0;OrderedDict()
9aOiXsszL;False;2019-03-27T19:56:58.000Z;Ilmen;hoaq;True;[];;;;;;[];[];[];eng;informal;▯ burns in oxidizer ▯.;[];;;;[];[];[];[];[];[];[];[];0;OrderedDict()
-zDSGdREI;False;2019-04-02T05:27:21.000Z;uakci;muchōa;True;[];;;;;;[];[];[];eng;informal;to moo;[];;;;[];[];[];[];[];[];[];[];0;OrderedDict()
2UiAiEcGN;False;2019-04-04T05:52:04.000Z;uakci;hıbū;True;[];;;;;;[];[];[];eng;informal;▯ is whatnot [∈ HOI].;[];;;;[];[];[];[];[];[];[];[];0;OrderedDict()
jMLXlO-XH;False;2019-04-06T12:19:04.000Z;Ilmen;goaınūa;True;[];;;;;;[];[];[];eng;informal;▯ abrades ▯.;[];;;;[];[];[];[];[];[];[];[];0;OrderedDict()
VTaIwhWSg;False;2019-04-07T12:08:31.000Z;Ilmen;heomē;True;[];;;;;;[];[];[];eng;informal;▯ has a heterogenous composition.;[];;;;[];[];[];[];[];[];[];[];0;OrderedDict()
8zdYCN_jz;False;2019-04-08T14:07:35.000Z;seaqtaq;rujēo;True;[];;;;;;[];[];[];eng;informal;"Both ▯ and ▯ are the case; both ▯ and ▯ satisfy property ▯";[];;;;[];[];[];[];[];[];[];[];0;OrderedDict()
bhREolsYi;False;2019-04-08T15:08:18.000Z;seaqtaq;buaıkūa;True;[];;;;;;[];[];[];eng;informal;▯ is a hall.;['(fork of #SLZi6wb8_)'];;;;[];[];[];[];[];[];[];[];0;OrderedDict()
LWTNo1gPl;False;2019-04-08T15:33:24.000Z;seaqtaq;saokīao;True;[];;;;;;[];[];[];eng;informal;▯ is a gate;[];;;;[];[];[];[];[];[];[];[];0;OrderedDict()
U6KVMYt1C;False;2019-04-12T18:45:15.000Z;uakci;re;True;[];;;;;;[];[];[];eng;informal;statement prefix: append #súq as the first place to the subordinated statement, shifting places one to the right, then pack into predicate meaning ‘I hereby request/ask/command that [statement] be the case.’;[];;;;[];[];[];[];[];[];[];[OrderedDict([('content', 'used for short commands: **rẻ chủq sa shámū ka** – ‘Eat an apple.’'), ('date', '2019-04-12T18:46:04.000Z'), ('author', 'uakci')])];0;OrderedDict()
qAreO-X_5;False;2019-04-13T16:51:49.000Z;Ilmen;loaıhūa;True;[];;;;;;[];[];[];eng;informal;▯ is a heart.;[];;;;[];[];[];[];[];[];[];[];0;OrderedDict()
YL-Grq7Hf;False;2019-04-13T20:44:47.000Z;Ilmen;lutēa;True;[];;;;;;[];[];[];eng;informal;▯ is afraid of ▯ being the case.;[];;;;[];[];[];[];[];[];[];[];0;OrderedDict()
BTgMtJUs0;False;2019-04-16T15:01:30.000Z;uakci;seaq;True;[];;;;;;[];[];[];eng;informal;▯ rubs ▯’s stomach.;[];;;;[];[];[];[];[];[];[];[OrderedDict([('content', 'In particular, seaqtāq is what one would do when overwhelmed by their feeling of appetite.'), ('date', '2019-04-16T15:02:15.000Z'), ('author', 'uakci')])];0;OrderedDict()
9DIjyECRk;False;2019-04-17T04:57:37.000Z;uakci;gusīoqfā;True;[];;;;;;[];[];[];eng;informal;▯ goes [FA] by bike.;[];;;;[];[];[];[];[];[];[];[];0;OrderedDict()
oNVEg1ncR;False;2019-04-17T05:07:58.000Z;uakci;sasā;True;[];;;;;;[];[];[];eng;informal;There exists a pair of things in relation ▯.;[];;;;[];[];[];[];[];[];[];[];0;OrderedDict()
DHCi1s5XY;False;2019-04-17T10:00:08.000Z;uakci;toı;True;[];;;;;;[];[];[];eng;informal;terminator for multipart TO;[];;;;[];[];[];[];[];[];[];[];0;OrderedDict()
6D76uxON8;False;2019-04-17T10:29:10.000Z;Ilmen;lıulōhā;True;[];;;;;;[];[];[];eng;informal;▯ is aluminium.;[];;;;[];[];[];[];[];[];[];"[OrderedDict([('content', 'Calque of the Navajo ""béésh ászólí"" (""light metal"").'), ('date', '2019-04-17T10:29:46.000Z'), ('author', 'Ilmen')])]";0;OrderedDict()
Jk5wUgliS;False;2019-04-17T10:30:54.000Z;Ilmen;pıolōhā;True;[];;;;;;[];[];[];eng;informal;▯ is lithium.;[];;;;[];[];[];[];[];[];[];"[OrderedDict([('content', 'Calquing the etymology of ""lithium"".'), ('date', '2019-04-17T10:31:15.000Z'), ('author', 'Ilmen')]), OrderedDict([('content', 'The Māori word ""konukōhatu"" also literally means ""stone metal"".'), ('date', '2019-04-17T10:37:54.000Z'), ('author', 'Ilmen')])]";0;OrderedDict()
0y1UTyd__;False;2019-04-17T19:05:55.000Z;Ilmen;suaıtāo;True;[];;;;;;[];[];[];eng;informal;▯ hurries.;[];;;;[];[];[];[];[];[];[];[];0;OrderedDict()
xg-k-6QHJ;False;2019-04-18T09:15:38.000Z;Ilmen;tıcūao;True;[];;;;;;[];[];[];eng;informal;▯ is across / on the opposite side of ▯.;[];;;;[];[];[];[];[];[];[];[];0;OrderedDict()
FueN29IW6;False;2019-04-19T08:18:20.000Z;Ilmen;leı;True;[];;;;;;[];[];[];eng;informal;"(fork of official) predicate: ‘uncommon’; ▯ is uncommon/unfrequent in property ▯.";[];;;;[];[];[];[];[];[];[];[];0;OrderedDict()
H82JW5foK;False;2019-04-22T20:42:26.000Z;Ilmen;luıshō;True;[];;;;;;[];[];[];eng;informal;▯ reaches/enters a state of having satisfied property ▯.;[];;;;[];[];[];[];[];[];[];[];0;OrderedDict()
C4OXAHqCd;False;2019-04-23T22:24:30.000Z;Ilmen;mıerīo;True;[];;;;;;[];[];[];eng;informal;▯ is dioxygen.;[];;;;[];[];[];[];[];[];[];[];0;OrderedDict()
WODhZdL0Bg;False;2019-05-05T22:26:21.496Z;oldofficial;koı;True;[];;;;;;[];[];[];eng;informal;"predicate: ‘ambulate’; ▯ ambulates.";[];;;;[];[];[];[];[];[];[];[];1;OrderedDict([('uakci', 1)])
9A9uZ0uemL;False;2019-05-05T22:33:24.787Z;oldcountries;bolībīagūa;True;[];;;;;;[];[];[];eng;informal;▯ is the country Bolivia – Plurinational State of Bolivia.;[];;;;[];[];[];[];[];[];[];[];0;OrderedDict()
bsAYx_WJ0I;False;2019-05-05T22:33:42.399Z;oldcountries;polāq;True;[];;;;;;[];[];[];eng;informal;▯ pertains to the culture of Poland – Republic of Poland.;[];;;;[];[];[];[];[];[];[];[];0;OrderedDict()
pvMiwGb-4j;False;2019-05-05T22:33:42.677Z;oldcountries;polāqtōaq;True;[];;;;;;[];[];[];eng;informal;▯ is (one of) the language(s) spoken in Poland – Republic of Poland.;[];;;;[];[];[];[];[];[];[];[];0;OrderedDict()
NY2i1RrJyC;False;2019-05-05T22:35:47.299Z;oldexamples;mả mỉu súq jêı hó mí chảq moq?;False;[];;;;;;[];[];[];eng;informal;(A0481) Do you think he is Chang?;[];;;;[];[];[];[];[];[];[];[];0;OrderedDict()
iCQ6EulPvk;False;2019-05-05T22:36:33.084Z;oldexamples;tẻ kủq mó pảı jí súq ba. teo da.;False;[];;;;;;[];[];[];eng;informal;"(A0891) ""You should be my friend,"" is said.";[];;;;[];[];[];[];[];[];[];[];0;OrderedDict()
lfogACJE10;False;2019-05-05T22:36:38.801Z;oldexamples;nìe ní hẻqchūo nảotī bı tảq nảosīqtūa bũ ba.;False;[];;;;;;[];[];[];eng;informal;(A0990) In this submerged container, do not bath yourself.;[];;;;[];[];[];[];[];[];[];[];0;OrderedDict()
iXWeLjKzq;False;2019-05-11T22:27:59.307Z;uakci;buaı;True;[];;;;;;[];[];[];eng;informal;"▯ is [relatively] long; ▯ is as long as things which satisfy property ▯.";[];;;;[];[];[];[];[];[];[];[OrderedDict([('content', 'this word is an embodiment of my idea for words which involve a measurement, in part motivated by the desire to get #ne out of the party, and to facilitate sentences like ‘it’s two metres long.’'), ('date', '2019-05-11T22:29:39.085Z'), ('author', 'uakci')])];0;OrderedDict()
0f6JBZ4v5;False;2019-05-16T21:28:21.594Z;uakci;hoq;True;[];;;;;;[];[];[];eng;informal;"The most recently uttered proposition is true; ▯ is the most recently uttered proposition.";[];;;;[];[];[];[];[];[];[];[];0;OrderedDict()
c-00bzAaA;False;2019-05-18T10:36:57.923Z;Ilmen;rıomīq;True;[];;;;;;[];[];[];eng;informal;▯ is an athmosphere.;[];;;;[];[];[];[];[];[];[];[];0;OrderedDict()
EGGq6eUHm;False;2019-05-18T19:07:25.539Z;Ilmen;daqjāonē;True;[];;;;;;[];[];[];eng;informal;▯ is the time distance between ▯ and ▯.;[];;;;[];[];[];[];[];[];[];[];0;OrderedDict()
-qemw5fvA;False;2019-06-02T09:57:55.049Z;Ilmen;heochēo;True;[];;;;;;[];[];[];eng;informal;▯ are varied, dissimilar from each other.;[];;;;[];[];[];[];[];[];[];[];0;OrderedDict()
148kWbIKY;False;2019-06-15T09:38:59.965Z;Ilmen;fıutōe;True;[];;;;;;[];[];[];eng;informal;▯ notches/cuts ▯ (incomplet cut, not resulting in a complete separation).;[];;;;[];[];[];[];[];[];[];[];0;OrderedDict()
y0zBHoBDL;False;2019-06-19T13:48:49.140Z;seaqtaq;choqtīao;True;[];;;;;;[];[];[];eng;informal;"predicate: ‘usable’; ▯ is useful for doing ▯";[];;;;[];[];[];[];[];[];[];[OrderedDict([('content', '+1'), ('date', '2019-06-19T13:53:04.189Z'), ('author', 'uakci')])];1;OrderedDict([('uakci', 1)])
VKA05KvM1;False;2019-06-20T03:25:45.958Z;seaqtaq;buıkūbōaq;True;[];;;;;;[];[];[];eng;informal;▯ is a placenta;[];;;;[];[];[];[];[];[];[];[];0;OrderedDict()
wIKV8mL8w;False;2019-06-20T15:16:51.098Z;Ilmen;choasīa;True;[];;;;;;[];[];[];eng;informal;"predicate: ‘say.nothing.’; ▯ says nothing / is silent.";[];;;;[];[];[];[];[];[];[];[];0;OrderedDict()
Li6bJyYv6;False;2019-06-20T15:19:56.774Z;Ilmen;saojāq;True;[];;;;;;[];[];[];eng;informal;"predicate: ‘huge’; ▯ is huge.";[];;;;[];[];[];[];[];[];[];[];0;OrderedDict()
Q-4-6meVl;False;2019-06-21T16:59:19.114Z;uakci;jeo;True;[];;;;;;[];[];[];eng;informal;"▯ is true / is the case; ▯ satisfies property ▯; ▯ and ▯ are in relation ▯; […]";[];;;;[];[];[];[];[];[];[];"[OrderedDict([('content', ""This is what the definition for <jeo> would ideally look like. It's not infeasible.""), ('date', '2019-06-21T17:00:02.858Z'), ('author', 'uakci')])]";0;OrderedDict()
S2H1quHQ2;False;2019-01-26T10:56:45.000Z;uakci;mu;True;[];;;;;;[];[];[];toa;informal;[pó mí Hủaqchī ga mủı bı:] gủjēo dógū dóshī dósāq da;[];;;;[];[];[];[];[];[];[];[];0;OrderedDict()
RjYGP_bUJ;False;2019-01-27T20:32:19.000Z;uakci;seaq;True;[];;;;;;[];[];[];toa;informal;chẻo pủaqfūo dóshī roı dógū, na ru sỉeq ru jảı dóshī roı dógū kùı lê cả sêaq dóshī dógū na bâı dóshī ra dógū sa fú da;[];;;;[];[];[];[];[];[];[];[];0;OrderedDict()
XvcApgoYH;False;2019-01-29T23:28:43.000Z;Ilmen;puınē;True;[];;;;;;[];[];[];toa;formal;[NX] Lỉcō dóshī mêa ja ráı dógū.;[];;;;[];[];[];[];[];[];[];[OrderedDict([('content', 'Ⓐ'), ('date', '2019-01-29T23:28:51Z'), ('author', 'Ilmen')])];0;OrderedDict()
_akVVFkdH;False;2019-01-30T23:34:35.000Z;uakci;lıcō;True;[];;;;;;[];[];[];toa;informal;"[N1] lỉcō dóshī dógū tu ráı da
[N1X]
  sa dótūq lủ tủq hóa lî ja dó bı to ru jẻo dó dógū to mẻa dó dósāq bı
    pẻı dóshī dótūq da";[];;;;[];[];[];[];[];[];[];[];0;OrderedDict()
3dfhP1wkR;False;2019-02-02T20:50:12.000Z;Ilmen;hımīeq;True;[];;;;;;[];[];[];toa;informal;[XX1] Dóshī pa lủ tu dójō měa hóa dógū bı, mỉeq hóa lî ja dófē měa hóa dósāq bı jẻo dójō dófē.;[];;;;[];[];[];[];[];[];[];[];0;OrderedDict()
isq1G4lux;False;2019-04-15T08:56:52.000Z;uakci;leı;True;[];;;;;;[];[];[];toa;formal;bu #fảı;[];;;;[];[];[];[];[];[];[];[];0;OrderedDict()
nE5zNnIYx;False;2019-06-25T03:19:04.968Z;fagri;bıaq;True;[];;;;;;[];[];[];eng;informal;▯ satisfies property ▯ enough to satisfy property ▯;[];;;;[];[];[];[];[];[];[];[OrderedDict([('content', 'Analogous to official dui: #3Vm7UxaZef'), ('date', '2019-06-25T03:19:27.425Z'), ('author', 'fagri')])];0;OrderedDict()
Qtpt0W7wy;False;2019-06-26T12:52:47.898Z;oldofficial;jıoq;True;[];;;;;;[];[];[];eng;informal;"predicate: ‘calculate’; ▯ calculates what satisfied property ▯.";[];;;;[];[];[];[];[];[];[];[];0;OrderedDict()
U5bVFs3MN;False;2019-06-27T04:52:12.429Z;fagri;ruohūı;True;[];;;;;;[];[];[];eng;informal;▯ (agent) is rude/badly-behaved/mean;[];;;;[];[];[];[];[];[];[];[];0;OrderedDict()
vV6RbJ5oz;False;2019-06-28T12:13:34.078Z;uakci;pı;True;[];;;;;;[];[];[];eng;informal;particle: cut off left branch in serial;[];;;;[];[];[];[];[];[];[];"[OrderedDict([('content', 'Note: unlike serial predicate composition, «pı» is left-associative. '), ('date', '2019-06-28T12:16:20.089Z'), ('author', 'uakci')]), OrderedDict([('content', 'Used for (1) afterthought adjectives; (2) grouping a serial predicate into a unit (to be then modified by what comes to the right of the «pı»); (3) ‘terminating’ initial PO in context of the proposal to remake PO into RAI each with an Exhibitor/Expositor slot.'), ('date', '2019-06-28T12:19:40.782Z'), ('author', 'uakci')]), OrderedDict([('content', '`%gui` understands «pı».'), ('date', '2019-06-28T12:20:01.975Z'), ('author', 'uakci')])]";1;OrderedDict([('uakci', 1)])
XUGV-IR3K;False;2019-08-23T21:43:06.076Z;Ilmen;elū;True;[];;;;;;[];[];[];eng;informal;"predicate: ‘elephant’; ▯ is an elephant.";[];;;;[];[];[];[];[];[];[];[OrderedDict([('content', 'From Proto-Berber *eḷu (“elephant”).'), ('date', '2019-08-23T21:43:16.717Z'), ('author', 'Ilmen')])];0;OrderedDict()
4JgEmgzh-;False;2019-08-24T11:07:04.317Z;uakci;buqjīaı;True;[];;;;;;[];[];[];eng;informal;"▯ kisses ▯; ▯ with their mouth holds ▯ [person or locus].";[];;;;[];[];[];[];[];[];[];[];0;OrderedDict()
2-nq9WnuE;False;2019-09-07T22:21:44.686Z;Ilmen;hıeqpōaqkēa;True;[];;;;;;[];[];[];eng;informal;▯ is a bomb.;[];;;;[];[];[];[];[];[];[];[];0;OrderedDict()
mZvewcgDfOO;False;2019-09-17T19:19:51.044Z;seaqtaq;ubūlā;True;[];;;;;;[];[];[];eng;informal;▯ is a human uvula;[];;;;[];[];[];[];[];[];[];[];0;OrderedDict()
G9bHJM3DS66;False;2019-09-17T19:19:51.059Z;seaqtaq;shıqhūalāq;True;[];;;;;;[];[];[];eng;informal;▯ is a sound produced that involves the nose;[];;;;[];[];[];[];[];[];[];[];0;OrderedDict()
ITpT21tDKrP;False;2019-09-17T19:19:51.068Z;Ilmen;shoaı'ēkū;True;[];;;;;;[];[];[];eng;informal;"▯ is a winged horse; ▯ is a pegasus.";[];;;;[];[];[];[];[];[];[];[];0;OrderedDict()
6R6OwuX1J37;False;2019-09-17T19:19:51.070Z;Ilmen;ekūadōrō;True;[];;;;;;[];[];[];eng;informal;▯ pertains to the culture of Ecuador – Republic of Ecuador.;[];;;;[];[];[];[];[];[];[];[];0;OrderedDict()
HmeNimKabZY;False;2019-09-17T19:19:51.071Z;Ilmen;ekūadōrōtōaq;True;[];;;;;;[];[];[];eng;informal;▯ is (one of) the language(s) spoken in Ecuador – Republic of Ecuador.;[];;;;[];[];[];[];[];[];[];[];0;OrderedDict()
_4D8WH9JKmJ;False;2019-09-17T19:19:51.075Z;Ilmen;hıu'ēkū;True;[];;;;;;[];[];[];eng;informal;▯ is a hippopotamus.;[];;;;[];[];[];[];[];[];[];[];0;OrderedDict()
mSIfxe-4K4j;False;2019-09-17T19:19:51.117Z;Ilmen;palā;True;[];;;;;;[];[];[];eng;informal;▯ is the (hard) palate.;[];;;;[];[];[];[];[];[];[];[];0;OrderedDict()
j55oAqCSM;False;2019-10-19T13:51:23.756Z;seaqtaq;kuımū;True;[];;;;;;[];[];[];eng;informal;"▯ is the case; as a result ▯ is the case";[];;;;[];[];[];[];[];[];[];[];0;OrderedDict()
x51lWtzOI;False;2019-11-05T19:44:11.638Z;Ilmen;duamīa;True;[];;;;;;[];[];[];eng;informal;"▯ is educated, learned, erudite, savant; ▯ is knowledgable about ▯.";[];;;;[];[];[];[];[];[];[];[];0;OrderedDict()
tAf9okOd_;False;2019-11-18T02:37:19.797Z;lynn;daqnē;True;[];;;;;;[];[];[];eng;informal;▯ is an amount of time / duration.;[];;;;[];[];[];[];[];[];[];[];0;OrderedDict()
7NpMI7b7V;False;2019-12-02T12:01:22.035Z;Ilmen;ekū;True;[];;;;;;[];[];[];eng;informal;"predicate: ‘equine’; ▯ is an equine/member of genus Equus (the horses, donkeys, and zebras).";[];;;;[];[];[];[];[];[];[];[];0;OrderedDict()
GbSiq-MjP;False;2019-12-07T17:12:21.977Z;Ilmen;geajīo;True;[];;;;;;[];[];[];eng;informal;▯ is a tower or skyscraper.;[];;;;[];[];[];[];[];[];[];[];0;OrderedDict()
3pdJR5vpH;False;2019-12-11T02:50:43.417Z;seaqtaq;toedēa;True;[];;;;;;[];[];[];eng;informal;▯ (agentive) stabs ▯;[];;;;[];[];[];[];[];[];[];[];0;OrderedDict()
6HLe3RREY;False;2019-12-16T21:23:06.918Z;Hoemai;hoeshīy;True;[];;;;;;[];[];[];eng;informal;▯ is a sunset.;[];;;;[];[];[];[];[];[];[];"[OrderedDict([('content', 'could be: The sun is setting / It is sunset (nullary); Sun ▯ sets (unary).'), ('date', '2020-02-08T16:45:45.436Z'), ('author', 'uakci')]), OrderedDict([('content', 'uakci: agreed'), ('date', '2020-02-10T08:47:59.816Z'), ('author', 'akesi')])]";1;OrderedDict([('uakci', 1)])
pRBVptsY2;False;2019-12-16T21:23:39.976Z;Hoemai;zeo;True;[];;;;;;[];[];[];eng;informal;▯ is a fruit.;[];;;;[];[];[];[];[];[];[];[];2;OrderedDict([('Ilmen', 1), ('uakci', 1)])
-qs1YdieY;False;2019-12-20T15:48:47.214Z;lynn;esā;True;[];;;;;;[];[];[];eng;informal;"▯ are 10¹⁸ in number; ▯ are a quintillion.";[];;;;[];[];[];[];[];[];[];[];0;OrderedDict()
Kx3NloCEa;False;2019-12-21T17:21:38.171Z;Ilmen;kuejīo;True;[];;;;;;[];[];[];eng;informal;▯ is a library.;[];;;;[];[];[];[];[];[];[];[];0;OrderedDict()
S35-OrrFd;False;2019-12-26T00:27:09.615Z;fagri;hıpī;True;[];;;;;;[];[];[];eng;informal;▯ is a hippie (a person from that one specific movement that occurred in ~the 80's);[];;;;[];[];[];[];[];[];[];[OrderedDict([('content', 'This word is currently in a votes-battle with #_vRYXRMBy to see which is preferred by the community'), ('date', '2019-12-26T00:28:18.048Z'), ('author', 'fagri')]), OrderedDict([('content', 'Oops, I meant the ~60s'), ('date', '2019-12-26T00:28:41.521Z'), ('author', 'fagri')])];0;OrderedDict()
qfwCm8FoT;False;2019-12-26T21:17:40.520Z;Ilmen;tuakōe;True;[];;;;;;[];[];[];eng;informal;▯ chooses proposition ▯ out of propositions ▯ for making it be the case.;[];;;;[];[];[];[];[];[];[];[];1;OrderedDict([('Ilmen', 1)])
YPepvqJnX;False;2019-12-27T16:11:58.224Z;seaqtaq;muılīaq;True;[];;;;;;[];[];[];eng;informal;"▯ (plural) are synonymic with each other; ▯ are synonyms";[];;;;[];[];[];[];[];[];[];[];0;OrderedDict()
thm3x9Bc4;False;2019-12-28T04:05:07.696Z;fagri;bıelēaq;True;[];;;;;;[];[];[];eng;informal;▯ takes place right after / as soon as ▯ takes place;[];;;;[];[];[];[];[];[];[];[];0;OrderedDict()
SEG9A-U5F;False;2019-12-29T17:53:45.531Z;Ilmen;dıaq;True;[];;;;;;[];[];[];eng;informal;"predicate: ‘regular’; ▯ occurs at regular intervals of time of duration ▯; ▯ satisfies property ▯ at regular intervals of duration ▯.";[];;;;[];[];[];[];[];[];[];[];0;OrderedDict()
CZHjvSS5N;False;2019-12-30T17:30:23.049Z;Ilmen;shıubūaq;True;[];;;;;;[];[];[];eng;informal;▯ fails to satisfy property ▯, which was intended in furtherance of the goal of satisfying property ▯.;[];;;;[];[];[];[];[];[];[];[];0;OrderedDict()
md2XevuLR;False;2019-12-31T19:55:23.309Z;Ilmen;shaıbū;True;[];;;;;;[];[];[];eng;informal;▯ continues being the case.;[];;;;[];[];[];[];[];[];[];[];0;OrderedDict()
h9dZ1aksS;False;2020-01-02T17:46:26.862Z;Ilmen;chuao;True;[];;;;;;[];[];[];eng;informal;▯ is a window or a hole going through a wall or any other object (i.e. a hole with two ends, such that you can see through it).;[];;;;[];[];[];[];[];[];[];[];0;OrderedDict()
n1FVpcYj3;False;2020-01-03T16:29:01.511Z;lynn;ramēq;True;[];;;;;;[];[];[];eng;informal;▯ is ramen (the Japanese noodle dish).;[];;;;[];[];[];[];[];[];[];[];0;OrderedDict()
Qdncp1F0b;False;2020-01-05T20:47:25.473Z;Ilmen;rabū;True;[];;;;;;[];[];[];eng;informal;"▯ is the case if ▯ is the case (logical IF); either ▯ is the case or ▯ is not the case.";[];;;;[];[];[];[];[];[];[];[];0;OrderedDict()
rZbb3yRjL;False;2020-01-05T21:12:11.741Z;Ilmen;lubō;True;[];;;;;;[];[];[];eng;informal;the proposition ▯ entails the proposition ▯.;[];;;;[];[];[];[];[];[];[];[];0;OrderedDict()
g-EHltbBf;False;2020-01-05T21:16:10.137Z;Ilmen;ruaq;True;[];;;;;;[];[];[];eng;informal;"predicate: ‘assert’; ▯ asserts/claims ▯ to be the case to addressee ▯.";[];;;;[];[];[];[];[];[];[];[];1;OrderedDict([('Ilmen', 1)])
rEZ8voEze;False;2020-01-05T21:21:07.819Z;Ilmen;duchā;True;[];;;;;;[];[];[];eng;informal;▯ happens in such a way that ▯ seems to be the case.;[];;;;[];[];[];[];[];[];[];[];0;OrderedDict()
h17yXirZa;False;2020-01-05T22:09:04.969Z;Ilmen;cashē;True;[];;;;;;[];[];[];eng;informal;▯ is such that, if ▯ is the case, then the latter causes the former.;[];;;;[];[];[];[];[];[];[];[];0;OrderedDict()
xHjSqsP3v;False;2020-01-08T21:16:14.372Z;Ilmen;juoıkūq;True;[];;;;;;[];[];[];eng;informal;▯ describes ▯ with description ▯ (quote) to addressee ▯.;[];;;;[];[];[];[];[];[];[];[];0;OrderedDict()
q7rkZNwN9;False;2020-01-08T22:15:02.327Z;Ilmen;kuqkāı;True;[];;;;;;[];[];[];eng;informal;▯ writes ▯ on ▯.;[];;;;[];[];[];[];[];[];[];[];0;OrderedDict()
fLCEKkKWt;False;2020-01-10T18:10:43.265Z;Ilmen;shıunē;True;[];;;;;;[];[];[];eng;informal;▯ is the temporal distance between ▯ and ▯, the former being in the past of the latter.;[];;;;[];[];[];[];[];[];[];[];0;OrderedDict()
icxdGZbGU;False;2020-01-11T14:48:50.004Z;oldofficial;seu;True;[];;;;;;[];[];[];eng;informal;"predicate: ‘number’; ▯ is PHLEGM.";[];;;;[];[];[];[];[];[];[];[];0;OrderedDict([('oldofficial', -1), ('uakci', 1)])
-R9hz-zvp;False;2020-01-11T23:17:59.359Z;Ilmen;tuqfīa;True;[];;;;;;[];[];[];eng;informal;"predicate: ‘first’; ▯ is first in sequence ▯; ▯ is first in sequence ▯ to satisfy property ▯.";[];;;;[];[];[];[];[];[];[];[];0;OrderedDict()
2itOeCfKf;False;2020-01-17T14:02:25.821Z;Ilmen;deqchīe;True;[];;;;;;[];[];[];eng;informal;▯ learns the skill/ability of satisfying property ▯.;[];;;;[];[];[];[];[];[];[];[];0;OrderedDict()
cRQueOw-N;False;2020-01-22T14:08:34.665Z;uakci;jıoqkēa;True;[];;;;;;[];[];[];eng;informal;▯ is a computer.;[];;;;[];[];[];[];[];[];[];[];0;OrderedDict()
mIQ6gcLBN;False;2020-01-22T21:47:07.221Z;seaqtaq;choıdēa;True;[];;;;;;[];[];[];eng;informal;▯ (agentive) stabs ▯.;[];;;;[];[];[];[];[];[];[];[];0;OrderedDict()
GBST0pONe;False;2020-01-23T11:28:05.435Z;Ilmen;lubō;True;[];;;;;;[];[];[];eng;informal;The proposition ▯ entails the proposition ▯.;[];;;;[];[];[];[];[];[];[];[];0;OrderedDict()
c_D_H0_i9;False;2020-01-24T12:44:37.969Z;Ilmen;puınē;True;[];;;;;;[];[];[];toa;formal;"[XE] ja nẻ ja rảı bı
   sỉahūaq mủosēu né
   na ru shẻmā
      pêı shỉ né na
      shîlī ráı na
      lû sa mẻa sü hóa ráı bı
         shỉlī mêa ja ráı ru sıa jẻı méa na
         na ru dẻı nílī shínēu jẻı né méa";[];;;;[];[];[];[];[];[];[];[];1;OrderedDict([('Ilmen', 1)])
gT-TkQi2o;False;2020-01-24T17:20:30.152Z;Ilmen;re;True;[];;;;;;[];[];[];toa;formal;jıoı jẻojēq ga.;[];;;;[];[];[];[];[];[];[];[];0;OrderedDict()
CNUYKakjZ;False;2020-01-25T10:57:00.514Z;Ilmen;kadēoq;True;[];;;;;;[];[];[];eng;informal;▯ declares/pronounces that he/she/they satisfy property ▯ to audience ▯.;[];;;;[];[];[];[];[];[];[];[];0;OrderedDict()
km2c2sKJr;False;2020-01-28T20:24:27.674Z;Ilmen;boqkīubū;True;[];;;;;;[];[];[];eng;informal;"predicate: ‘inevitable’; ▯ is inevitable.";[];;;;[];[];[];[];[];[];[];[];0;OrderedDict()
QmKeI2149;False;2020-01-28T20:25:29.617Z;Ilmen;huokīubū;True;[];;;;;;[];[];[];eng;informal;"predicate: ‘inaudible’; ▯ is inaudible.";[];;;;[];[];[];[];[];[];[];[];0;OrderedDict()
6tVxolcTk;False;2020-01-29T13:04:08.867Z;Ilmen;ne;True;[];;;;;;[];[];[];eng;informal;"predicate: ‘amount’; ▯ is how much ▯ is the case; ▯ is the amount that ▯ is the case; ▯ is how much ▯ satisfies property ▯.";[];;;;[];[];[];[];[];[];[];[];0;OrderedDict()
Lyb_Ujp34;False;2020-01-29T20:35:15.190Z;Ilmen;guaı;True;[];;;;;;[];[];[];eng;informal;"predicate: ‘work’; ▯ works in satisfying property ▯; ▯ satisfies property ▯ with effort.";[];;;;[];[];[];[];[];[];[];[];0;OrderedDict()
ZF4PVezBV;False;2020-01-30T14:17:47.631Z;Ilmen;fıjī;True;[];;;;;;[];[];[];toa;formal;jẻo jí ▯.;[];;;;[];[];[];[];[];[];[];[];0;OrderedDict()
539bvbO0Z;False;2020-01-30T14:57:28.948Z;Ilmen;nejēq;True;[];;;;;;[];[];[];eng;informal;"▯ and ▯ are the case to the same degree/extent; ▯ and ▯ have the property ▯ to the same degree/extent.";[];;;;[];[];[];[];[];[];[];[];0;OrderedDict()
ThQHiHeOQ;False;2020-01-31T20:14:35.004Z;Ilmen;huq;True;[];;;;;;[];[];[];toa;formal;jıoı tỏhūq ga.;[];;;;[];[];[];[];[];[];[];[];0;OrderedDict()
vhzmp-EPP;False;2020-01-31T20:48:39.938Z;Ilmen;daqjāonē;True;[];;;;;;[];[];[];toa;formal;dủoı go ▯ lú sỉao ▯ hóa na ru fảo ▯ hóa.;[];;;;[];[];[];[];[];[];[];[];0;OrderedDict()
9tCuMYfED;False;2020-02-01T16:39:54.411Z;Ilmen;mu;True;[];;;;;;[];[];[];eng;informal;▯ and ▯ are such that the latter is in relation ▯ with the former.;[];;;;[];[];[];[];[];[];[];[];0;OrderedDict([('Ilmen', -1), ('fagri', 1)])
6IphvkadG;False;2020-02-02T22:40:26.624Z;Ilmen;naojēoq;True;[];;;;;;[];[];[];eng;informal;▯ is a well.;[];;;;[];[];[];[];[];[];[];[];0;OrderedDict()
2LMKd1fY4;False;2020-02-03T10:40:25.235Z;Ilmen;mu;True;[];;;;;;[];[];[];toa;formal;"gủjēo go ▯ sa ▯; gủjēo go ▯ ▯ ▯.";[];;;;[];[];[];[];[];[];[];[];1;OrderedDict([('Ilmen', 1)])
0yAMPTIXd;False;2020-02-04T21:11:36.182Z;uakci;ta;True;[];;;;;;[];[];[];eng;informal;▯ is the property of satisfying property ▯.;[];;;;[];[];[];[];[];[];[];"[OrderedDict([('content', ""As evidenced by solpahi's tweet image (**kẻaı hó míetā ru shéıtā ru róetā**)""), ('date', '2020-02-04T21:12:17.246Z'), ('author', 'uakci')]), OrderedDict([('content', 'This might never take off as a standalone word (since it already means something); however, as an infix, it has already been observed to be used by solpahi himself, so if he uses it, we shall too.'), ('date', '2020-02-05T14:07:53.334Z'), ('author', 'uakci')]), OrderedDict([('content', 'forkıng for an unused root'), ('date', '2020-06-06T19:37:14.130Z'), ('author', 'magi')]), OrderedDict([('content', 'zyq'), ('date', '2020-06-06T19:37:18.947Z'), ('author', 'magi')])]";0;OrderedDict([('uakci', 1), ('magi', -1)])
1KhBSbKDg;False;2020-02-05T12:00:04.709Z;Ilmen;jukū;True;[];;;;;;[];[];[];eng;informal;"▯ hunts; ▯ hunts prey satisfying property ▯.";[];;;;[];[];[];[];[];[];[];[];0;OrderedDict([('uakci', 1), ('fagri', -1)])
cTtp6Bskt;False;2020-02-05T19:15:29.646Z;uakci;naqpōaı;True;[];;;;;;[];[];[];eng;informal;▯ is a spermatozoon.;[];;;;[];[];[];[];[];[];[];[OrderedDict([('content', '(plural: spermatozoa)'), ('date', '2020-02-05T19:15:38.227Z'), ('author', 'uakci')])];0;OrderedDict()
sNtY2ZOAw;False;2020-02-08T21:43:41.868Z;Ilmen;tıjēq;True;[];;;;;;[];[];[];toa;formal;tỉ tu gỏamōa ▯ re ▯.;[];;;;[];[];[];[];[];[];[];[];0;OrderedDict()
ngKjgedJK;False;2020-02-10T18:01:48.132Z;Ilmen;kuqbūaq;True;[];;;;;;[];[];[];eng;informal;▯ means to say ▯ but mistakenly says something erroneous instead.;[];;;;[];[];[];[];[];[];[];[];0;OrderedDict([('Ilmen', 0)])
rW-Yylnp3;False;2020-02-11T10:06:15.821Z;Ilmen;porōı;True;[];;;;;;[];[];[];toa;formal;mẻajēq ▯ ▯ roı pó hoı.;[];;;;[];[];[];[];[];[];[];[];0;OrderedDict()
URH_Mj72Q;False;2020-02-16T21:23:24.448Z;magi;mı;True;[];;;;;;[];[];[];eng;informal;"predicatizer: ‘that/those.named’; turns following phrase X into predicate: ▯ is/are called X.";[];;;;[];[];[];[];[];[];[];[];0;OrderedDict()
hkb4i8Ywb;False;2020-02-17T23:26:07.326Z;Ilmen;shıjūe;True;[];;;;;;[];[];[];eng;informal;"▯ is a January; ▯ is a time point or period satisfying property ▯ and being part of a January.";[];;;;[];[];[];[];[];[];[];"[OrderedDict([('content', 'The second slot is for usage of the sort ""sa shỉjūe shỉchāq"", ""a 1st day of January"".'), ('date', '2020-02-17T23:28:19.011Z'), ('author', 'Ilmen')])]";0;OrderedDict()
iz3oTZC9S;False;2020-02-22T06:49:17.241Z;seaqtaq;moegāq;True;[];;;;;;[];[];[];eng;informal;▯ sympathizes with ▯in feeling ▯;[];;;;[];[];[];[];[];[];[];[];0;OrderedDict()
bUvtEIJp9;False;2020-02-22T16:08:23.168Z;uakci;uq;True;[];;;;;;[];[];[];eng;informal;▯ oops.;[];;;;[];[];[];[];[];[];[];[];1;OrderedDict([('uakci', 1)])
TuY7EQam5;False;2020-02-24T20:17:19.271Z;Ilmen;beıjāq;True;[];;;;;;[];[];[];eng;informal;"▯ is so much the case; ▯ satisfies property ▯ so much.";[];;;;[];[];[];[];[];[];[];[];0;OrderedDict()
wi_TCP8sL;False;2020-02-25T14:35:19.330Z;Ilmen;boshō;True;[];;;;;;[];[];[];eng;informal;▯ gets/acquires ▯.;[];;;;[];[];[];[];[];[];[];[];0;OrderedDict()
cCPXPe__x;False;2020-02-25T18:03:20.138Z;Ilmen;tua kảqgāı;False;[];;;;;;[];[];[];eng;informal;▯, to ▯, shows ▯.;[];;;;[];[];[];[];[];[];[];[];0;OrderedDict()
5Hac-JCQ5;False;2020-02-25T18:26:45.181Z;uakci;tua kảqgāı;False;[];;;;;;[];[];[];eng;informal;▯ shows to ▯ ▯.;[];;;;[];[];[];[];[];[];[];[];0;OrderedDict()
FjwjBKVKo;False;2020-02-26T04:55:07.385Z;elements;hoesāı;True;[];;;;;;[];[];[];eng;informal;▯ is helium (element 2);[];;;;[];[];[];[];[];[];[];[];0;OrderedDict()
gdXVV1t_n;False;2020-02-26T11:08:29.468Z;Ilmen;nıjāo;True;[];;;;;;[];[];[];eng;informal;▯ is far away from here.;[];;;;[];[];[];[];[];[];[];[];0;OrderedDict()
1ReF5JcIr;False;2020-02-26T20:22:34.792Z;Ilmen;peqbōe;True;[];;;;;;[];[];[];eng;informal;▯ is a sheet of paper.;[];;;;[];[];[];[];[];[];[];[];0;OrderedDict()
EJtaKWI52;False;2020-02-26T22:40:48.466Z;Ilmen;fuqtīo;True;[];;;;;;[];[];[];eng;informal;predicate ▯ is a mathematical function.;[];;;;[];[];[];[];[];[];[];[];0;OrderedDict()
8btOkjufL;False;2020-02-27T16:56:37.918Z;Ilmen;taokōe;True;[];;;;;;[];[];[];eng;informal;▯ chooses/decides to satisfy property ▯ out of properties ▯.;[];;;;[];[];[];[];[];[];[];[];1;OrderedDict([('Ilmen', 1)])
HYvKQRDj3;False;2020-02-27T20:56:36.825Z;Ilmen;fuaqtūaı;True;[];;;;;;[];[];[];eng;informal;▯ is an image/picture on a physical support.;[];;;;[];[];[];[];[];[];[];[];0;OrderedDict()
wpSiZBw2l;False;2020-03-01T19:16:20.244Z;uakci;guaıdūıbīa;True;[];;;;;;[];[];[];eng;informal;▯, due to overworking, suffers from illness ▯.;[];;;;[];[];[];[];[];[];[];[];0;OrderedDict()
NCk4tXdZM;False;2020-03-01T20:09:44.834Z;uakci;zeonāo;True;[];;;;;;[];[];[];eng;informal;▯ is fruit juice.;[];;;;[];[];[];[];[];[];[];[];0;OrderedDict()
aosVysx2z;False;2020-03-02T02:13:12.967Z;seaqtaq;baqlī;True;[];;;;;;[];[];[];eng;informal;thing(s) in general has/have property ▯ (among the things having the property ▯);[];;;;[];[];[];[];[];[];[];[];0;OrderedDict()
61VzXdk0-;False;2020-03-02T22:46:03.971Z;uakci;mumū;True;[];;;;;;[];[];[];eng;informal;▯ is a moo-moo cow.;[];;;;[];[];[];[];[];[];[];[OrderedDict([('content', 'Infantile term.'), ('date', '2020-03-02T22:46:07.424Z'), ('author', 'uakci')])];0;OrderedDict()
sxp39LtcC;False;2020-03-03T10:01:54.057Z;Ilmen;lıaıhūa;True;[];;;;;;[];[];[];eng;informal;▯ is a fine (body part).;[];;;;[];[];[];[];[];[];[];[];0;OrderedDict()
QtU1Vn1Xc;False;2020-03-03T14:27:47.973Z;Ilmen;haqbāıkūa;True;[];;;;;;[];[];[];eng;informal;▯ is a kitchen.;[];;;;[];[];[];[];[];[];[];[];0;OrderedDict()
_1vN_AvYm;False;2020-03-05T11:55:38.852Z;uakci;nıaıpōaı;True;[];;;;;;[];[];[];eng;informal;▯ is an egg.;[];;;;[];[];[];[];[];[];[];[];2;OrderedDict([('magi', 1), ('zeukueqche', 1)])
ijDz18r_a;False;2020-03-06T18:32:02.214Z;Ilmen;kıqkēa;True;[];;;;;;[];[];[];eng;informal;▯ is a video screen.;[];;;;[];[];[];[];[];[];[];[];1;OrderedDict([('Ilmen', 1)])
NAyMxB3oz;False;2020-03-06T18:38:58.826Z;Ilmen;muoı;True;[];;;;;;[];[];[];eng;informal;"▯ rotates/spins/turns; ▯ rotates about axis ▯.";[];;;;[];[];[];[];[];[];[];[];0;OrderedDict()
9LVGphnvO;False;2020-03-07T12:39:50.079Z;Ilmen;gaqmē;True;[];;;;;;[];[];[];eng;informal;▯ is a community (group of interacting organisms).;[];;;;[];[];[];[];[];[];[];[];0;OrderedDict()
mpFTUvf3N;False;2020-03-07T21:34:09.716Z;Ilmen;doıjāq;True;[];;;;;;[];[];[];eng;informal;▯ admires ▯.;[];;;;[];[];[];[];[];[];[];[];0;OrderedDict()
RD6spocHT;False;2020-03-07T21:42:21.875Z;Ilmen;sıeqcā;True;[];;;;;;[];[];[];eng;informal;▯ is amazing, impressive, awe-inspiring.;[];;;;[];[];[];[];[];[];[];[];0;OrderedDict()
97UfZJfGp;False;2020-03-12T21:17:38.726Z;uakci;hahā;True;[];;;;;;[];[];[];eng;informal;▯ overthrows the capitalist system.;[];;;;[];[];[];[];[];[];[];[OrderedDict([('content', 'This is to give this silly word a more serious and reasonable meaning — one that my colleagues and I might imagine ever using during our conversations about politics and golf.'), ('date', '2020-03-12T21:18:41.528Z'), ('author', 'uakci')])];0;OrderedDict()
EW-2WEYOC;False;2020-03-16T04:19:16.648Z;akesi;lymāo;True;[];;;;;;[];[];[];eng;informal;▯ laughs their behind off.;[];;;;[];[];[];[];[];[];[];[OrderedDict([('content', 'keyword: lmao'), ('date', '2020-04-30T02:28:09.465Z'), ('author', 'akesi')])];0;OrderedDict()
aKq6tqBxJ;False;2020-03-18T08:29:03.342Z;seaqtaq;nefūrī;True;[];;;;;;[];[];[];eng;informal;"▯ fluctuates as to the degree of it being the case; ▯ fluctuates in how intensely it satisfies property ▯.";[];;;;[];[];[];[];[];[];[];[];0;OrderedDict()
EP2vIS3cu;False;2020-03-30T08:43:25.329Z;uakci;duagī;True;[];;;;;;[];[];[];eng;informal;"▯ is wise; ▯ is good to know.";[];;;;[];[];[];[];[];[];[];[];0;OrderedDict()
0U8v3AK3u;False;2020-03-30T08:44:06.583Z;uakci;shaohūı;True;[];;;;;;[];[];[];eng;informal;"▯ is sinister; ▯ are bad intentions.";[];;;;[];[];[];[];[];[];[];[];0;OrderedDict()
z3YQpHWqu;False;2020-03-30T08:44:51.029Z;uakci;duahūı;True;[];;;;;;[];[];[];eng;informal;"▯ is foolish; ▯ is not good to know.";[];;;;[];[];[];[];[];[];[];[];0;OrderedDict()
8Dk3bj4e2;False;2020-03-31T12:14:34.532Z;akesi;seaqchūq;True;[];;;;;;[];[];[];eng;informal;▯ vores ▯.;[];;;;[];[];[];[];[];[];[];[];0;OrderedDict()
rI6F-8QQv;False;2020-04-07T15:11:35.642Z;uakci;goaınūa;True;[];;;;;;[];[];[];eng;informal;▯ scrapes/wipes ▯ off ▯.;[];;;;[];[];[];[];[];[];[];[];0;OrderedDict()
hm8OmVHqy;False;2020-04-11T10:47:06.277Z;uakci;juaocūe;True;[];;;;;;[];[];[];eng;informal;▯ is an authority over ▯.;[];;;;[];[];[];[];[];[];[];[];0;OrderedDict()
q1lZ5P5Iv;False;2020-04-13T20:40:24.827Z;Ilmen;ykō;True;[];;;;;;[];[];[];eng;informal;"▯ is the relation obtained by composing the relation ▯ with itself N times, with N being the cardinality of anything satisfying property ▯;
the relation ▯ is the N-th iterate or N-th relational power of the relation ▯, N being the cardinality of anything satisfying property ▯.";[];;;;[];[];[];[];[];[];[];[];0;OrderedDict()
YYBS_blsH;False;2020-04-15T13:30:24.861Z;akesi;tuaıfūq;True;[];;;;;;[];[];[];eng;informal;▯ is a shirt.;[];;;;[];[];[];[];[];[];[];[];1;OrderedDict([('akesi', 1)])
0NMOlSHV3;False;2020-04-16T02:28:44.141Z;akesi;puebēa;True;[];;;;;;[];[];[];eng;informal;▯ is an ankle.;[];;;;[];[];[];[];[];[];[];[];1;OrderedDict([('akesi', 1)])
HW7SFPcIX;False;2020-04-23T02:04:53.353Z;akesi;cea;True;[];;;;;;[];[];[];eng;informal;"predicate: ‘sack’; ▯ is a sack/bag/pocket containing ▯";[];;;;[];[];[];[];[];[];[];[OrderedDict([('content', 'forked from #-9W31zk1tT'), ('date', '2020-04-23T02:05:24.193Z'), ('author', 'akesi')])];2;OrderedDict([('saqraku', 1), ('akesi', 1)])
W5BBIk0Xb;False;2020-05-14T17:01:47.228Z;magi;sushī;True;[];;;;;;[];[];[];eng;informal;▯ is the previous predicate considered individually.;[];;;;[];[];[];[];[];[];[];[];0;OrderedDict()
I7LkV2Aly;False;2020-05-14T18:32:26.910Z;uakci;shıtōaq;True;[];;;;;;[];[];[];eng;informal;▯ is an idiolect / language use idiosyncracy / lisp / personal quirk of ▯.;[];;;;[];[];[];[];[];[];[];[];0;OrderedDict()
qRYg26urY;False;2020-05-19T22:59:46.859Z;uakci;bıelēaq;True;[];;;;;;[];[];[];eng;informal;"▯ comes right after ▯; ▯ starts exactly when ▯ ends.";[];;;;[];[];[];[];[];[];[];[];0;OrderedDict()
fmTabcyzh;False;2020-05-30T14:33:46.690Z;fagri;teoqmōı;True;[];;;;;;[];[];[];eng;informal;▯ considers question ▯;[];;;;[];[];[];[];[];[];[];[];0;OrderedDict()
z7C3YQjT0;False;2020-05-31T14:31:28.737Z;Ilmen;jeokū;True;[];;;;;;[];[];[];eng;informal;it's ▯ (out of the salient options) which is what satisfies property ▯.;[];;;;[];[];[];[];[];[];[];[];0;OrderedDict()
CHr_LRCIN;False;2020-05-31T14:49:26.672Z;Ilmen;jeokū;True;[];;;;;;[];[];[];eng;informal;"▯ (newsworthy element) satisfies property ▯; ▯ is one of the answers to the question of what satisfies property ▯.";[];;;;[];[];[];[];[];[];[];[];0;OrderedDict()
mTmgnvHi5;False;2020-06-01T05:36:10.835Z;magi;sejē;True;[];;;;;;[];[];[];eng;informal;▯ has ▯ as gender/sexuality.;[];;;;[];[];[];[];[];[];[];[];0;OrderedDict()
uGuUjVadO;False;2020-06-01T05:54:15.292Z;magi;fakīu;True;[];;;;;;[];[];[];eng;informal;▯ pees into the toilet ▯;[];;;;[];[];[];[];[];[];[];[];1;OrderedDict([('magi', 1)])
qNHfVdkCy;False;2020-06-04T20:20:18.897Z;Ilmen;shıkō;True;[];;;;;;[];[];[];eng;informal;▯ is first among ▯ sorted by property ▯.;[];;;;[];[];[];[];[];[];[];[];0;OrderedDict()
VVCyoP3OA;False;2020-06-06T15:32:29.880Z;Ilmen;juo;True;[];;;;;;[];[];[];eng;informal;▯ is a written message.;[];;;;[];[];[];[];[];[];[];[];0;OrderedDict()
_MT7FGiAK;False;2020-06-06T19:04:46.074Z;magi;seaq;True;[];;;;;;[];[];[];eng;informal;loving and financially stable couple ▯ receives baby ▯ from stork ▯.;[];;;;[];[];[];[];[];[];[];[];0;OrderedDict()
FobPGP1_G;False;2020-06-09T23:39:05.624Z;seaqtaq;shamū;True;[];;;;;;[];[];[];eng;informal;property ▯ is arrived at by ▯;[];;;;[];[];[];[];[];[];[];[];0;OrderedDict()
W3hn-dAbK;False;2020-06-12T02:43:12.944Z;magi;ke;True;[];;;;;;[];[];[];eng;informal;"quantifier: ‘the/these’; quantifier: ke X refers to specific thing(s) that are X, among all X that are in the UoD.";[];;;;[];[];[];[];[];[];[];[];1;OrderedDict([('magi', 1)])
Pkf9I8W79;False;2020-06-16T23:45:42.675Z;xorxes;ko;True;[];;;;;;[];[];[];eng;informal;"predicate: ‘nth’;  ▯ is the last of those satisfying property ▯ who are the first of those satisfying property ▯.";[];;;;[];[];[];[];[];[];[];[];0;OrderedDict()
y7k_U4gK4;False;2020-06-23T01:44:40.945Z;seaqtaq;paqmūo;True;[];;;;;;[];[];[];eng;informal;▯ is the entirety of ▯;[];;;;[];[];[];[];[];[];[];[];0;OrderedDict()
PxT8YnUmO;False;2020-06-28T20:41:57.590Z;seaqtaq;cuaılāq;True;[];;;;;;[];[];[];eng;informal;▯ is a liquid (phonetics);[];;;;[];[];[];[];[];[];[];[];0;OrderedDict()
HRhoUmf4i;False;2020-06-29T21:39:13.342Z;magi;rıe;True;[];;;;;;[];[];[];eng;informal;"predicate: ‘between’; ▯ is between/amidst/among ▯ (plural) in property ▯.";[];;;;[];[];[];[];[];[];[];[];0;OrderedDict()
tEiknLi87;False;2020-07-03T02:02:56.766Z;seaqtaq;ku'āı;True;[];;;;;;[];[];[];eng;informal; ▯ is ▯'s orientation in regard to property ▯;[];;;;[];[];[];[];[];[];[];"[OrderedDict([('content', 'Word form inspired by ""kuaı"". The second place relates to a scale and/or collection of beliefs or behaviors and the third place describes exactly what behaviors or beliefs the referent of the first place exhibits, or where they are on the scale  ""Kủxāı hı súq lî củe ra cảq ja baq jủaocīao moq?""—""What is your political orientation"" (Or ""Please describe what properties best describe your beliefs/behaviors as relevant to ruling and managing societies"")  This bisyllabic root is purposefully very broad and as such can be used to name sexual, gender, political, etc. orientation'), ('date', '2020-07-03T02:05:38.281Z'), ('author', 'seaqtaq')])]";0;OrderedDict()
SYOil7fql;False;2020-07-04T11:13:16.503Z;Ilmen;chıe;True;[];;;;;;[];[];[];eng;informal;▯ acquires property ▯ through learning, training, education, conditioning or moulding.;[];;;;[];[];[];[];[];[];[];[];0;OrderedDict()
00cuExtSr;False;2020-07-04T21:29:02.053Z;magi;luaqnē;True;[];;;;;;[];[];[];eng;informal;▯ has score ▯ in game ▯.;[];;;;[];[];[];[];[];[];[];[];0;OrderedDict()
WnzXdJID9;False;2020-07-08T00:44:05.443Z;magi;cheaq;True;[];;;;;;[];[];[];eng;informal;"predicate: ‘trusty’; ▯ trusts ▯ to fulfill ▯.";[];;;;[];[];[];[];[];[];[];[OrderedDict([('content', 'fork of official'), ('date', '2020-07-08T00:44:11.664Z'), ('author', 'magi')])];1;OrderedDict([('magi', 1)])
CuReFMZOk;False;2020-07-08T01:17:33.643Z;magi;morāı;True;[];;;;;;[];[];[];eng;informal;▯ is a text. Mórāı refers back to a mó...teo as if the mó...teo were an ordinary noun, and mórāı were the same word.;[];;;;[];[];[];[];[];[];[];[];0;OrderedDict()
sfpcTaVEc;False;2020-07-08T02:35:38.419Z;magi;daq;True;[];;;;;;[];[];[];eng;informal;▯ is the time interval between propositions ▯ and ▯.;[];;;;[];[];[];[];[];[];[];[];0;OrderedDict()
